country,city,hospital,department,doctor_name,source_url
India,Delhi,"Apollo Hospitals, Delhi","Cardiac Care","Dr N Sastri",https://www.apollohospitals.com/doctors/cardiothoracic-and-vascular-surgery/delhi/dr-n-sastri
India,Delhi,"Apollo Hospitals, Delhi","Cardiac Care","Dr Mahesh Chandra Garg",https://www.apollohospitals.com/doctors/cardiologist/delhi/dr-mahesh-chandra-garg
India,Delhi,"Apollo Hospitals, Delhi","Cardiac Care","Dr Prashanta Kumar Ghosh",https://www.apollohospitals.com/doctors/cardiologist/delhi/dr-prashanta-kumar-ghosh
India,Kolkata,"Apollo Multispeciality Hospitals, EM Bypass, Kolkata","Cardiac Care","Dr A K Bardhan",https://www.apollohospitals.com/doctors/cardiologist/kolkata/dr-a-k-bardhan
India,Hyderabad,"Apollo Health City, Jubilee Hills, Hyderabad","Cardiac Care","Dr Vijay Dikshit",https://www.apollohospitals.com/doctors/cardiothoracic-and-vascular-surgery/hyderabad/dr-vijay-dikshit
India,Delhi,"Apollo Hospitals, Delhi","Cardiac Care","Dr Prof Sanjay Tyagi",https://www.apollohospitals.com/doctors/cardiologist/delhi/dr-prof-sanjay-tyagi
India,Chennai,"Apollo Hospitals, Greams Road, Chennai","Cardiac Care","Dr Sathyamurthy I",https://www.apollohospitals.com/doctors/cardiologist/chennai/dr-sathyamurthy-i
India,Hyderabad,"Apollo Health City, Jubilee Hills, Hyderabad","Cardiac Care","Dr Venkat Rayudu Nekkanti",https://www.apollohospitals.com/doctors/cardiologist/hyderabad/dr-venkat-rayudu-nekkanti
India,Chennai,"Apollo Speciality Hospitals, Teynampet, Chennai","Cardiac Care","Dr A L Narayanan",https://www.apollohospitals.com/doctors/cardiologist/chennai/dr-a-l-narayanan
India,Delhi,"Apollo Hospitals, Delhi","Cardiac Care","Dr Rajeev Kumar Rajput",https://www.apollohospitals.com/doctors/cardiologist/delhi/dr-rajeev-kumar-rajput
India,Kolkata,"Apollo Multispeciality Hospitals, EM Bypass, Kolkata","Cardiac Care","Dr Bhabatosh Biswas",https://www.apollohospitals.com/doctors/cardiothoracic-and-vascular-surgery/kolkata/dr-bhabatosh-biswas
India,Delhi,"Apollo Hospitals, Delhi","Cardiac Care","Dr Sunil Modi",https://www.apollohospitals.com/doctors/cardiologist/delhi/dr-sunil-modi
India,Delhi,"Apollo Hospitals, Delhi","Cardiac Care","Dr S K Gupta",https://www.apollohospitals.com/doctors/cardiologist/delhi/dr-s-k-gupta
India,Delhi,"Apollo Hospitals, Delhi","Cardiac Care","Dr K K Kapur",https://www.apollohospitals.com/doctors/cardiologist/delhi/dr-k-k-kapur
India,Delhi,"Apollo Hospitals, Delhi","Cardiac Care","Dr Bhaba Nanda Das",https://www.apollohospitals.com/doctors/cardiothoracic-and-vascular-surgery/delhi/dr-bhaba-nanda-das
India,Rourkela,"Apollo Super Speciality Hospital, Rourkela","Cardiac Care","Dr G. C. Patri",https://www.apollohospitals.com/doctors/cardiologist/rourkela/dr-g-c-patri
India,Bhubaneswar,"Apollo Hospitals, Bhubaneswar","Cardiac Care","Dr Prasant Kumar Sahoo",https://www.apollohospitals.com/doctors/cardiologist/bhubaneswar/dr-prasant-kumar-sahoo
India,Hyderabad,"Apollo Hospitals, Secunderabad, Hyderabad","Cardiac Care","Dr Col M Sitaram",https://www.apollohospitals.com/doctors/cardiologist/hyderabad/dr-col-m-sitaram
India,Mysore,"Apollo BGS Hospitals, Mysore","Cardiac Care","Dr Arun Srinivas",https://www.apollohospitals.com/doctors/cardiologist/mysore/dr-arun-srinivas
India,Bhubaneswar,"Apollo Hospitals, Bhubaneswar","Cardiac Care","Dr P C Rath",https://www.apollohospitals.com/doctors/cardiologist/bhubaneswar/dr-p-c-rath
India,Hyderabad,"Apollo Health City, Jubilee Hills, Hyderabad","Cardiac Care","Dr Badri Narayana Tumulu",https://www.apollohospitals.com/doctors/cardiologist/hyderabad/dr-badri-narayana-tumulu
India,Chennai,"Apollo Hospitals, Greams Road, Chennai","Cardiac Care","Dr Robert Mao",https://www.apollohospitals.com/doctors/cardiologist/chennai/dr-robert-mao
India,Lucknow,"Apollo Hospitals Lucknow","Cardiac Care","Dr Ajay Bahadur",https://www.apollohospitals.com/doctors/cardiologist/lucknow/dr-ajay-bahadur
India,Bangalore,"Apollo Speciality Hospital, Jayanagar, Bangalore","Cardiac Care","Dr Ramamurthy Bingi",https://www.apollohospitals.com/doctors/cardiologist/bangalore/dr-ramamurthy-bingi
India,Hyderabad,"Apollo Health City, Jubilee Hills, Hyderabad","Cardiac Care","Dr Pratap Chandra Rath",https://www.apollohospitals.com/doctors/cardiologist/hyderabad/dr-pratap-chandra-rath
India,Delhi,"Apollo Hospitals, Delhi","Cardiac Care","Dr Col V Hariharan",https://www.apollohospitals.com/doctors/cardiologist/delhi/dr-col-v-hariharan
India,Noida,"Apollo Hospitals Noida","Cardiac Care","Dr V Hariharan",https://www.apollohospitals.com/doctors/cardiologist/noida/dr-v-hariharan
India,Delhi,"Apollo Hospitals, Delhi","Cardiac Care","Dr Anoop K Ganjoo",https://www.apollohospitals.com/doctors/cardiothoracic-and-vascular-surgery/delhi/dr-anoop-k-ganjoo
India,Delhi,"Apollo Hospitals, Delhi","Cardiac Care","Dr K K Saxena",https://www.apollohospitals.com/doctors/cardiologist/delhi/dr-k-k-saxena
India,Hyderabad,"Apollo Health City, Jubilee Hills, Hyderabad","Cardiac Care","Dr Tripti Deb",https://www.apollohospitals.com/doctors/cardiologist/hyderabad/dr-tripti-deb
India,Chennai,"Apollo Hospitals, Greams Road, Chennai","Cardiac Care","Dr Dillip Kumar Mishra",https://www.apollohospitals.com/doctors/cardiothoracic-and-vascular-surgery/chennai/dr-dillip-kumar-mishra
India,Mysore,"Apollo BGS Hospitals, Mysore","Cardiac Care","Dr Keshava Murthy Ganapathy Bhat",https://www.apollohospitals.com/doctors/cardiologist/mysore/dr-keshava-murthy-ganapathy-bhat
India,Bangalore,"Apollo Hospitals, Bannerghatta Road, Bangalore","Cardiac Care","Dr Ramesh B",https://www.apollohospitals.com/doctors/cardiologist/bangalore/dr-ramesh-b
India,Kolkata,"Apollo Multispeciality Hospitals, EM Bypass, Kolkata","Cardiac Care","Dr Swapan Kumar De",https://www.apollohospitals.com/doctors/cardiologist/kolkata/dr-swapan-kumar-de
India,Visakhapatnam,"Apollo Hospitals Health City, Arilova, Vizag","Cardiac Care","Dr Nanda Kishore Panigrahi",https://www.apollohospitals.com/doctors/cardiologist/visakhapatnam/dr-nanda-kishore-panigrahi
India,Pune,"Apollo Hospitals, Pune","Cardiac Care","Dr Ravikumar Ratnagiri",https://www.apollohospitals.com/doctors/interventional-cardiologist/pune/dr-ravikumar-ratnagiri
India,Mysore,"Apollo BGS Hospitals, Mysore","Cardiac Care","Dr Guruprasad H P",https://www.apollohospitals.com/doctors/cardiologist/mysore/dr-guruprasad-h-p
India,Delhi,"Apollo Hospitals, Delhi","Cardiac Care","Dr Pradeep Jain",https://www.apollohospitals.com/doctors/cardiologist/delhi/dr-pradeep-jain
India,Delhi,"Apollo Hospitals, Delhi","Cardiac Care","Dr Vipul Narain Roy",https://www.apollohospitals.com/doctors/cardiologist/delhi/dr-vipul-narain-roy
India,Chennai,"Apollo Hospitals, Greams Road, Chennai","Cardiac Care","Dr Salgunan Nair",https://www.apollohospitals.com/doctors/cardiothoracic-and-vascular-surgery/chennai/dr-salgunan-nair
India,Hyderabad,"Apollo Health City, Jubilee Hills, Hyderabad","Cardiac Care","Dr Sanjay Kumar Agarwal",https://www.apollohospitals.com/doctors/cardiothoracic-and-vascular-surgery/hyderabad/dr-sanjay-kumar-agarwal
India,Madurai,"Apollo Speciality Hospitals Madurai","Cardiac Care","Dr Sridhar V",https://www.apollohospitals.com/doctors/cardiothoracic-and-vascular-surgery/madurai/dr-sridhar-v
India,Chennai,"Apollo Hospitals, Greams Road, Chennai","Cardiac Care","Dr Vijay Shankar C S",https://www.apollohospitals.com/doctors/cardiothoracic-and-vascular-surgery/chennai/dr-vijay-shankar-s
India,Hyderabad,"Apollo Health City, Jubilee Hills, Hyderabad","Cardiac Care","Dr A G K Gokhale",https://www.apollohospitals.com/doctors/cardiothoracic-and-vascular-surgery/hyderabad/dr-a-g-k-gokhale
India,Visakhapatnam,"Apollo Hospitals Health City, Arilova, Vizag","Cardiac Care","Dr Dibya Kumar Baruah",https://www.apollohospitals.com/doctors/cardiologist/visakhapatnam/dr-dibya-kumar-baruah
India,Lucknow,"Apollo Hospitals Lucknow","Cardiac Care","Dr Bharat Dubey",https://www.apollohospitals.com/doctors/cardiothoracic-and-vascular-surgery/lucknow/dr-bharat-dubey
India,Chennai,"Apollo Firstmed Hospital, Chennai","Cardiac Care","Dr D Vaidhyanathan",https://www.apollohospitals.com/doctors/cardiologist/chennai/dr-d-vaidhyanathan
India,Chennai,"Apollo Hospitals, Greams Road, Chennai","Cardiac Care","Dr R Ravi Kumar",https://www.apollohospitals.com/doctors/heart-failure-and-transplant-surgeon/chennai/dr-r-ravi-kumar
India,Bangalore,"Apollo Hospitals, Seshadripuram, Bangalore","Cardiac Care","Dr B C Srinivas",https://www.apollohospitals.com/doctors/cardiologist/bangalore/dr-b-c-srinivas
India,Hyderabad,"Apollo Hospitals, Hyderguda, Hyderabad","Cardiac Care","Dr Rajeev Garg",https://www.apollohospitals.com/doctors/cardiologist/hyderabad/dr-rajeev-garg
India,Hyderabad,"Apollo Health City, Jubilee Hills, Hyderabad","Cardiac Care","Dr Manoj Kumar Agarwala",https://www.apollohospitals.com/doctors/cardiologist/hyderabad/dr-manoj-kumar-agarwala
India,Mumbai,"Apollo Hospitals, Mumbai","Cardiac Care","Dr M V Reddy",https://www.apollohospitals.com/doctors/interventional-cardiologist/mumbai/dr-mv-reddy
India,Delhi,"Apollo Hospitals, Delhi","Cardiac Care","Dr Raman Puri",https://www.apollohospitals.com/doctors/cardiologist/delhi/dr-raman-puri
India,Kolkata,"Apollo Multispeciality Hospitals, EM Bypass, Kolkata","Cardiac Care","Dr Sushan Mukhopadhyay",https://www.apollohospitals.com/doctors/cardiothoracic-and-vascular-surgery/kolkata/dr-sushan-mukhopadhyay
India,Kolkata,"Apollo Multispeciality Hospitals, EM Bypass, Kolkata","Cardiac Care","Dr Tamashis Mukherjee",https://www.apollohospitals.com/doctors/cardiothoracic-and-vascular-surgery/kolkata/dr-tamashis-mukherjee
India,Chennai,"Apollo Hospitals, Greams Road, Chennai","Cardiac Care","Dr Pramod Kumar",https://www.apollohospitals.com/doctors/cardiologist/chennai/dr-pramod-kumar
India,Cochin,"Apollo Adlux Hospital, Cochin","Cardiac Care","Dr Balakrishnan N",https://www.apollohospitals.com/doctors/cardiologist/cochin/dr-balakrishnan-n
India,Delhi,"Apollo Hospitals, Delhi","Cardiac Care","Dr K K Pandey",https://www.apollohospitals.com/doctors/cardiothoracic-and-vascular-surgery/delhi/dr-k-k-pandey
India,Ahmedabad,"Apollo Hospitals International Ltd, Ahmedabad","Cardiac Care","Dr Utpal Shah",https://www.apollohospitals.com/doctors/cardiothoracic-and-vascular-surgery/ahmedabad/dr-utpal-shah
India,Chennai,"Apollo Speciality Hospitals, OMR, Chennai","Cardiac Care","Dr Shanmuga Sundaram D",https://www.apollohospitals.com/doctors/cardiologist/chennai/dr-shanmuga-sundaram-d
India,Bangalore,"Apollo Hospitals, Seshadripuram, Bangalore","Cardiac Care","Dr Anand Subramanyam",https://www.apollohospitals.com/doctors/cardiothoracic-and-vascular-surgery/bangalore/dr-anand-subramanyam
India,Bangalore,"Apollo Hospitals, Seshadripuram, Bangalore","Cardiac Care","Dr Jayaranganath M",https://www.apollohospitals.com/doctors/cardiologist/bangalore/dr-jayaranganath-m
India,Ahmedabad,"Apollo Hospitals International Ltd, Ahmedabad","Cardiac Care","Dr Sameer Dani",https://www.apollohospitals.com/doctors/cardiologist/ahmedabad/dr-sameer-dani
India,Chennai,"Apollo Hospitals, Greams Road, Chennai","Cardiac Care","Dr Mohammed Rehan Sayeed",https://www.apollohospitals.com/doctors/cardiothoracic-and-vascular-surgery/chennai/dr-mohammed-rehan-sayeed
India,Chennai,"Apollo Hospitals, Greams Road, Chennai","Cardiac Care","Dr Y Vijayachandra Reddy",https://www.apollohospitals.com/doctors/interventional-cardiologist/chennai/dr-y-vijayachandra-reddy
India,Chennai,"Apollo Hospitals, Greams Road, Chennai","Cardiac Care","Dr Sridhar L F",https://www.apollohospitals.com/doctors/cardiothoracic-and-vascular-surgery/chennai/dr-sridhar-l-f
India,Pune,"Apollo Hospitals, Pune","Cardiac Care","Dr Mandar Deo",https://www.apollohospitals.com/doctors/cardiologist/pune/dr-mandar-deo
India,Kolkata,"Apollo Multispeciality Hospitals, EM Bypass, Kolkata","Cardiac Care","Dr Suvro Banerjee",https://www.apollohospitals.com/doctors/cardiologist/kolkata/dr-suvro-banerjee
India,Chennai,"Apollo Hospitals, Kotturpuram, Chennai","Cardiac Care","Dr Justin Paul G",https://www.apollohospitals.com/doctors/cardiologist/chennai/dr-justin-paul-g
India,Delhi,"Apollo Hospitals, Delhi","Cardiac Care","Dr Vikas Kohli",https://www.apollohospitals.com/doctors/pediatric-cardiologist/delhi/dr-vikas-kohli
India,Chennai,"Apollo Speciality Hospitals, Vanagaram, Chennai","Cardiac Care","Dr Paul Ravindran Ponraj",https://www.apollohospitals.com/doctors/cardiothoracic-and-vascular-surgeon/chennai/dr-paul-ravindran-ponraj
India,Chennai,"Apollo Speciality Hospitals, Teynampet, Chennai","Cardiac Care","Dr Vivekan Manoharan",https://www.apollohospitals.com/doctors/cardiologist/chennai/dr-vivekan-manoharan
India,Delhi,"Apollo Hospitals, Delhi","Cardiac Care","Dr Gaurav Kumar",https://www.apollohospitals.com/doctors/pediatric-cardio-thoracic-surgeon/delhi/dr-gaurav-kumar
India,Delhi,"Apollo Hospitals, Delhi","Cardiac Care","Dr Prof Narendra Nath Khanna",https://www.apollohospitals.com/doctors/cardiothoracic-and-vascular-surgery/delhi/dr-prof-narendra-nath-khanna
India,Delhi,"Apollo Hospitals, Delhi","Cardiac Care","Dr Vanita Arora",https://www.apollohospitals.com/doctors/cardiologist/delhi/dr-vanita-arora
India,Delhi,"Apollo Hospitals, Delhi","Cardiac Care","Dr Vivek Gupta",https://www.apollohospitals.com/doctors/cardiologist/delhi/dr-vivek-gupta
India,Chennai,"Apollo Hospitals, Greams Road, Chennai","Cardiac Care","Dr Prakash Chand Jain",https://www.apollohospitals.com/doctors/cardiologist/chennai/dr-prakash-chand-jain
India,Hyderabad,"Apollo Health City, Jubilee Hills, Hyderabad","Cardiac Care","Dr Naresh Kumar P V",https://www.apollohospitals.com/doctors/cardiothoracic-and-vascular-surgery/hyderabad/dr-naresh-kumar-p-v
India,Bangalore,"Apollo Hospitals, Seshadripuram, Bangalore","Cardiac Care","Dr Manoj Kumar S P",https://www.apollohospitals.com/doctors/cardiothoracic-and-vascular-surgery/bangalore/dr-manoj-kumar-s-p
India,Chennai,"Apollo Children's Hospital, Chennai","Cardiac Care","Dr Neville Solomon",https://www.apollohospitals.com/doctors/paediatric-cardiac-surgery/chennai/dr-neville-soloman
India,Madurai,"Apollo Speciality Hospitals Madurai","Cardiac Care","Dr Karuppiah S K P",https://www.apollohospitals.com/doctors/cardiologist/madurai/dr-karuppiah-s-k-p
India,Madurai,"Apollo Speciality Hospitals Madurai","Cardiac Care","Dr Vivek Bose C",https://www.apollohospitals.com/doctors/cardiologist/madurai/dr-vivek-bose-c
India,Kolkata,"Apollo Multispeciality Hospitals, EM Bypass, Kolkata","Cardiac Care","Dr Debashis Ghosh",https://www.apollohospitals.com/doctors/cardiologist/kolkata/dr-debashis-ghosh
India,Bhubaneswar,"Apollo Hospitals, Bhubaneswar","Cardiac Care","Dr Brajaraj Das",https://www.apollohospitals.com/doctors/cardiologist/bhubaneswar/dr-brajaraj-das
India,Bilaspur,"Apollo Hospitals, Bilaspur","Cardiac Care","Dr Pankaj Saxena",https://www.apollohospitals.com/doctors/cardio-thoracic-surgeon/bilaspur/dr-pankaj-saxena
India,Hyderabad,"Apollo Hospitals, Hyderguda, Hyderabad","Cardiac Care","Dr V Mukhesh Rao",https://www.apollohospitals.com/doctors/cardiologist/hyderabad/dr-v-mukhesh-rao
India,Bangalore,"Apollo Hospitals, Bannerghatta Road, Bangalore","Cardiac Care","Dr K M Nair",https://www.apollohospitals.com/doctors/cardiologist/bangalore/dr-k-m-nair
India,Chennai,"Apollo Hospitals, Greams Road, Chennai","Cardiac Care","Dr Sengottuvelu G",https://www.apollohospitals.com/doctors/interventional-cardiologist/chennai/dr-sengottuvelu-g
India,Hyderabad,"Apollo Health City, Jubilee Hills, Hyderabad","Cardiac Care","Dr A Sreenivas Kumar",https://www.apollohospitals.com/doctors/cardiologist/hyderabad/dr-a-sreenivas-kumar
India,Indore,"Apollo Hospitals, Indore","Cardiac Care","Dr Sarita Rao",https://www.apollohospitals.com/doctors/cardiologist/indore/dr-sarita-rao
India,Delhi,"Apollo Hospitals, Delhi","Cardiac Care","Dr Mukesh Goel",https://www.apollohospitals.com/doctors/cardiothoracic-and-vascular-surgery/delhi/dr-mukesh-goel
India,Indore,"Apollo Hospitals, Indore","Cardiac Care","Dr Kshitij Dubey",https://www.apollohospitals.com/doctors/cardiothoracic-and-vascular-surgery/indore/dr-kshitij-dubey
India,Indore,"Apollo Hospitals, Indore","Cardiac Care","Dr K Roshan Rao",https://www.apollohospitals.com/doctors/cardiologist/indore/dr-k-roshan-rao
India,Chennai,"Apollo Hospitals, Greams Road, Chennai","Cardiac Care","Dr Rajeshwari Nayak",https://www.apollohospitals.com/doctors/cardiologist/chennai/dr-rajeshwari-nayak
India,Chennai,"Apollo Hospitals, Greams Road, Chennai","Cardiac Care","Dr Dhamodaran K",https://www.apollohospitals.com/doctors/interventional-cardiologist/chennai/dr-dhamodaran-k
India,Hyderabad,"Apollo Hospitals, Hyderguda, Hyderabad","Cardiac Care","Dr S Srinivasa Reddy",https://www.apollohospitals.com/doctors/interventional-cardiologist/hyderabad/dr-s-srinivasa-reddy
India,Hyderabad,"Apollo Hospitals, Financial District","Cardiac Care","Dr Sudheer Koganti",https://www.apollohospitals.com/doctors/cardiologist/hyderabad/dr-sudheer-koganti
India,Ahmedabad,"Apollo Hospitals International Ltd, Ahmedabad","Cardiac Care","Dr Sudhir Adalti",https://www.apollohospitals.com/doctors/cardiothoracic-and-vascular-surgery/ahmedabad/dr-sudhir-adalti
India,Kolkata,"Apollo Multispeciality Hospitals, EM Bypass, Kolkata","Cardiac Care","Dr P C Mondal",https://www.apollohospitals.com/doctors/cardiologist/kolkata/dr-p-c-mondal
India,Hyderabad,"Apollo Health City, Jubilee Hills, Hyderabad","Cardiac Care","Dr K M K Reddy",https://www.apollohospitals.com/doctors/cardiologist/hyderabad/dr-k-m-k-reddy
India,Bangalore,"Apollo Hospitals, Bannerghatta Road, Bangalore","Cardiac Care","Dr. Srinivasa Prasad B.V",https://www.apollohospitals.com/doctors/cardiologist/bangalore/dr-srinivasa-prasad-b-v
India,Guwahati,"Apollo Excelcare, Guwahati","Cardiac Care","Dr Manuj Kumar Saikia",https://www.apollohospitals.com/doctors/cardio-thoracic-surgeon/guwahati/dr-manuj-kumar-saikia
India,Guwahati,"Apollo Excelcare, Guwahati","Cardiac Care","Dr Neil Bardoloi",https://www.apollohospitals.com/doctors/cardiologist/guwahati/dr-neil-bardoloi
India,Chennai,"Apollo Speciality Hospitals, OMR, Chennai","Cardiac Care","Dr Madhu Prabhu Doss Cr",https://www.apollohospitals.com/doctors/cardiologist/chennai/dr-madhu-prabhu-doss-cr
India,Bangalore,"Apollo Hospitals, Bannerghatta Road, Bangalore","Cardiac Care","Dr K B Prasad",https://www.apollohospitals.com/doctors/cardiologist/bangalore/dr-k-b-prasad
India,Chennai,"Apollo Children's Hospital, Chennai","Cardiac Care","Dr Muthukumaran C S",https://www.apollohospitals.com/doctors/pediatric-cardiologist/chennai/dr-muthukumaran-c-s
India,Delhi,"Apollo Hospitals, Delhi","Cardiac Care","Dr Sanjay Kumar Sharma",https://www.apollohospitals.com/doctors/cardiothoracic-and-vascular-surgery/delhi/dr-sanjay-kumar-sharma
India,Chennai,"Apollo Hospitals, Greams Road, Chennai","Cardiac Care","Dr Refai Showkathali",https://www.apollohospitals.com/doctors/interventional-cardiologist/chennai/dr-refai-showkathali
India,Ahmedabad,"Apollo Hospitals International Ltd, Ahmedabad","Cardiac Care","Dr Sharad Jain",https://www.apollohospitals.com/doctors/cardiologist/ahmedabad/dr-sharad-jain
India,Nashik,"Apollo Hospitals, Nashik","Cardiac Care","Dr Abhaysingh Walia",https://www.apollohospitals.com/doctors/cardiothoracic-and-vascular-surgery/nashik/dr-abhaysingh-walia
India,Hyderabad,"Apollo Health City, Jubilee Hills, Hyderabad","Cardiac Care","Dr Athuluri Ravi Kanth",https://www.apollohospitals.com/doctors/interventional-cardiologist/hyderabad/dr-athuluri-ravi-kanth
India,Chennai,"Apollo Speciality Hospitals, Vanagaram, Chennai","Cardiac Care","Dr Joy M Thomas",https://www.apollohospitals.com/doctors/cardiologist/chennai/dr-joy-m-thomas
India,Bangalore,"Apollo Hospitals, Bannerghatta Road, Bangalore","Cardiac Care","Dr Girish B Navasundi",https://www.apollohospitals.com/doctors/cardiologist/bangalore/dr-girish-b-navasundi
India,Hyderabad,"Apollo Health City, Jubilee Hills, Hyderabad","Cardiac Care","Dr Nagesh Ayalasomayajula",https://www.apollohospitals.com/doctors/cardiothoracic-and-vascular-surgery/hyderabad/dr-nagesh-ayalasomayajula
India,Chennai,"Apollo Speciality Hospitals, Vanagaram, Chennai","Cardiac Care","Dr Harikrishnan P",https://www.apollohospitals.com/doctors/cardiologist/chennai/dr-harikrishnan-p
India,Bilaspur,"Apollo Hospitals, Bilaspur","Cardiac Care","Dr Mahendra Prasad Samal",https://www.apollohospitals.com/doctors/cardiologist/bilaspur/dr-mahendra-prasad-samal
India,Rourkela,"Apollo Super Speciality Hospital, Rourkela","Cardiac Care","Dr Tripti Talapatra",https://www.apollohospitals.com/doctors/cardio-thoracic-and-vascular-surgeon/rourkela/dr-tripti-talapatra
India,Ahmedabad,"Apollo Hospitals International Ltd, Ahmedabad","Cardiac Care","Dr Lal Daga",https://www.apollohospitals.com/doctors/cardiologist/ahmedabad/dr-lal-daga
India,Ahmedabad,"Apollo Hospitals International Ltd, Ahmedabad","Cardiac Care","Dr Vinit Shah",https://www.apollohospitals.com/doctors/cardiologist/ahmedabad/dr-vinit-shah
India,Chennai,"Apollo Speciality Hospitals, Vanagaram, Chennai","Cardiac Care","Dr Janardhana Reddy D",https://www.apollohospitals.com/doctors/cardiothoracic-and-vascular-surgery/chennai/dr-janardhana-reddy-d
India,Chennai,"Apollo Speciality Hospitals, OMR, Chennai","Cardiac Care","Dr M Kathiresan",https://www.apollohospitals.com/doctors/cardiologist/chennai/dr-m-kathiresan
India,Chennai,"Apollo Speciality Hospitals, Vanagaram, Chennai","Cardiac Care","Dr Muralidharan K V",https://www.apollohospitals.com/doctors/cardiothoracic-and-vascular-surgery/chennai/dr-muralidharan-k-v
India,Hyderabad,"Apollo Hospitals, Secunderabad, Hyderabad","Cardiac Care","Dr Shiv Kumar J",https://www.apollohospitals.com/doctors/cardiologist/hyderabad/dr-shiv-kumar-j
India,Chennai,"Apollo Hospitals, Greams Road, Chennai","Cardiac Care","Dr Karthigesan A M",https://www.apollohospitals.com/doctors/cardiac-pacing-and-electrophysiology/chennai/dr-karthigesan-a-m
India,Chennai,"Apollo Hospitals, Greams Road, Chennai","Cardiac Care","Dr Yusuf M M",https://www.apollohospitals.com/doctors/cardiothoracic-and-vascular-surgery/chennai/dr-yusuf-m-m
India,Guwahati,"Apollo Hospitals, Guwahati","Cardiac Care","Dr Dibya Jyoti Dutta",https://www.apollohospitals.com/doctors/cardiologist/guwahati/dr-dibya-jyoti-dutta
India,Hyderabad,"Apollo Hospitals, DRDO, Kanchanbagh, Hyderabad","Cardiac Care","Dr Sai Kumar M",https://www.apollohospitals.com/doctors/cardiologist/hyderabad/dr-sai-kumar-m
India,Chennai,"Apollo Hospitals, Greams Road, Chennai","Cardiac Care","Dr Abraham Oomman",https://www.apollohospitals.com/doctors/cardiologist/chennai/dr-abraham-oomman
India,Ahmedabad,"Apollo Hospitals International Ltd, Ahmedabad","Cardiac Care","Dr Jayesh Prajapati",https://www.apollohospitals.com/doctors/cardiologist/ahmedabad/dr-jayesh-prajapati
India,Delhi,"Apollo Hospitals, Delhi","Cardiac Care","Dr Amit Mittal",https://www.apollohospitals.com/doctors/cardiologist/delhi/dr-amit-mittal
India,Ahmedabad,"Apollo Hospitals International Ltd, Ahmedabad","Cardiac Care","Dr Hasit Joshi",https://www.apollohospitals.com/doctors/cardiologist/ahmedabad/dr-hasit-joshi
India,Visakhapatnam,"Apollo Hospitals Health City, Arilova, Vizag","Cardiac Care","Dr Jaideep Kumar Trivedi",https://www.apollohospitals.com/doctors/cardiothoracic-and-vascular-surgery/visakhapatnam/dr-jaideep-kumar-trivedi
India,Hyderabad,"Apollo Health City, Jubilee Hills, Hyderabad","Cardiac Care","Dr Sanjeev Kumar Khulbey",https://www.apollohospitals.com/doctors/cardiothoracic-and-vascular-surgery/hyderabad/dr-sanjeev-kumar-khulbey
India,Hyderabad,"Apollo Health City, Jubilee Hills, Hyderabad","Cardiac Care","Dr Sunil Kumar Swain",https://www.apollohospitals.com/doctors/paediatric-cardiac-surgery/hyderabad/dr-sunil-kumar-swain
India,Cochin,"Apollo Adlux Hospital, Cochin","Cardiac Care","Dr Harsha Jeevan",https://www.apollohospitals.com/doctors/cardiologist/cochin/dr-harsha-jeevan
India,Noida,"Apollo Hospitals Noida","Cardiac Care","Dr Birendra Pawar",https://www.apollohospitals.com/doctors/cardiologist/noida/dr-birendra-pawar
India,Kolkata,"Apollo Multispeciality Hospitals, EM Bypass, Kolkata","Cardiac Care","Dr. Sankha Subhra Das",https://www.apollohospitals.com/doctors/cardiologist/kolkata/dr-sankha-subhra-das
India,Hyderabad,"Apollo Hospitals, Hyderguda, Hyderabad","Cardiac Care","Dr ASHWIN TUMKUR",https://www.apollohospitals.com/doctors/cardiologist/hyderabad/dr-ashwin-tumkur
India,Mumbai,"Apollo Hospitals, Mumbai","Cardiac Care","Dr Rahul Gupta",https://www.apollohospitals.com/doctors/cardiologist/mumbai/dr-rahul-gupta
India,Chennai,"Apollo Speciality Hospitals, OMR, Chennai","Cardiac Care","Dr Bino John Sahayo J",https://www.apollohospitals.com/doctors/cardiologist/chennai/dr-bino-john-sahayo-j
India,Lucknow,"Apollo Hospitals Lucknow","Cardiac Care","Dr Ankur Agarwal",https://www.apollohospitals.com/doctors/interventional-cardiologist/lucknow/dr-ankur-agarwal
India,Bangalore,"Apollo Speciality Hospital, Jayanagar, Bangalore","Cardiac Care","Dr Lakshmikanth P",https://www.apollohospitals.com/doctors/cardiologist/bangalore/dr-lakshmikanth-p
India,Kolkata,"Apollo Multispeciality Hospitals, EM Bypass, Kolkata","Cardiac Care","Dr Aftab Khan",https://www.apollohospitals.com/doctors/cardiologist/kolkata/dr-aftab-khan
India,Kolkata,"Apollo Multispeciality Hospitals, EM Bypass, Kolkata","Cardiac Care","Dr Amar Nath Ghosh",https://www.apollohospitals.com/doctors/cardiothoracic-and-vascular-surgery/kolkata/dr-amar-nath-ghosh
India,Trichy,"Apollo Speciality Hospitals, Trichy","Cardiac Care","Dr Kader Sahib Ashraf",https://www.apollohospitals.com/doctors/cardiologist/trichy/dr-kader-sahib-ashraf
India,Trichy,"Apollo Speciality Hospitals, Trichy","Cardiac Care","Dr Shyam Sundar A Y",https://www.apollohospitals.com/doctors/cardiologist/trichy/dr-shyam-sundar-a-y
India,Chennai,"Apollo Children's Hospital, Chennai","Cardiac Care","Dr Anuradha Sridhar",https://www.apollohospitals.com/doctors/pediatric-cardiologist/chennai/dr-anuradha-sridhar
India,Hyderabad,"Apollo Health City, Jubilee Hills, Hyderabad","Cardiac Care","Dr Gokul Reddy Mandala",https://www.apollohospitals.com/doctors/cardiologist/hyderabad/dr-gokul-reddy-mandala
India,Hyderabad,"Apollo Health City, Jubilee Hills, Hyderabad","Cardiac Care","Dr E Sanjeeva Kumar",https://www.apollohospitals.com/doctors/cardiologist/hyderabad/dr-e-sanjeeva-kumar
India,Delhi,"Apollo Hospitals, Delhi","Cardiac Care","Dr Swapnadeep Roy",https://www.apollohospitals.com/doctors/cardiothoracic-and-vascular-surgery/delhi/dr-swapnadeep-roy
India,Chennai,"Apollo Hospitals, Greams Road, Chennai","Cardiac Care","Dr Pradeep Kumar",https://www.apollohospitals.com/doctors/cardio-anesthesiologist/chennai/dr-pradeep-kumar
India,Ahmedabad,"Apollo Hospitals International Ltd, Ahmedabad","Cardiac Care","Dr Subir Ghosh",https://www.apollohospitals.com/doctors/cardiologist/ahmedabad/dr-subir-ghosh
India,Kolkata,"Apollo Multispeciality Hospitals, EM Bypass, Kolkata","Cardiac Care","Dr Saujatya Chakraborty",https://www.apollohospitals.com/doctors/cardiologist/kolkata/dr-saujatya-chakraborty
India,Kolkata,"Apollo Multispeciality Hospitals, EM Bypass, Kolkata","Cardiac Care","Dr. Suchit Majumdar",https://www.apollohospitals.com/doctors/cardiac-pacing-and-electrophysiology/kolkata/dr-suchit-majumdar
India,Mumbai,"Apollo Hospitals, Mumbai","Cardiac Care","Dr Sanjeevkumar Kalkekar",https://www.apollohospitals.com/doctors/cardiologist/mumbai/dr-sanjeevkumar-ramchandra-kalkekar
India,Bangalore,"Apollo Hospitals, Bannerghatta Road, Bangalore","Cardiac Care","Dr Sathyaki P Nambala",https://www.apollohospitals.com/doctors/cardiothoracic-and-vascular-surgery/bangalore/dr-sathyaki-p-nambala
India,Chennai,"Apollo Speciality Hospitals, OMR, Chennai","Cardiac Care","Dr Arumugam C",https://www.apollohospitals.com/doctors/cardiologist/chennai/dr-arumugam-c
India,Hyderabad,"Apollo Health City, Jubilee Hills, Hyderabad","Cardiac Care","Dr Savita Sharma",https://www.apollohospitals.com/doctors/cardiologist/hyderabad/dr-savita-sharma
India,Chennai,"Apollo Hospitals, Greams Road, Chennai","Cardiac Care","Dr Asha Mahilmaran",https://www.apollohospitals.com/doctors/cardiologist/chennai/dr-asha-mahilmaran
India,Chennai,"Apollo Hospitals, Greams Road, Chennai","Cardiac Care","Dr Anbukarasi Maran",https://www.apollohospitals.com/doctors/interventional-cardiologist/chennai/dr-anbukarasi-maran
India,Mumbai,"Apollo Hospitals, Mumbai","Cardiac Care","Dr Krupal Reddy",https://www.apollohospitals.com/doctors/interventional-cardiologist/mumbai/dr-krupal-reddy
India,Visakhapatnam,"Apollo Hospitals Ramnagar, Vizag","Cardiac Care","Dr Shashanka Chunduri",https://www.apollohospitals.com/doctors/cardiologist/visakhapatnam/dr-shashanka-chunduri
India,Bhopal,"Apollo Sage Hospitals","Cardiac Care","Dr Kisley Shrivastava",https://www.apollohospitals.com/doctors/cardiologist/bhopal/dr-kisley-shrivastava
India,Bhopal,"Apollo Sage Hospitals","Cardiac Care","Dr Dilip Singh Rathore",https://www.apollohospitals.com/doctors/cardiothoracic-and-vascular-surgery/bhopal/dr-dilip-singh-rathore
India,Kolkata,"Apollo Multispeciality Hospitals, EM Bypass, Kolkata","Cardiac Care","Dr Sumanto Mukhopadhyay",https://www.apollohospitals.com/doctors/cardiologist/kolkata/dr-sumanto-mukhopadhyay
India,Kolkata,"Apollo Multispeciality Hospitals, EM Bypass, Kolkata","Cardiac Care","Dr Uday Shankar Das",https://www.apollohospitals.com/doctors/cardiologist/kolkata/dr-uday-shankar-das
India,Kolkata,"Apollo Multispeciality Hospitals, EM Bypass, Kolkata","Cardiac Care","Dr Ashfaque Ahmed",https://www.apollohospitals.com/doctors/cardiologist/kolkata/dr-ashfaque-ahmed
India,Chennai,"Apollo Hospitals, Greams Road, Chennai","Cardiac Care","Dr Rajan Santhosham",https://www.apollohospitals.com/doctors/cardiothoracic-and-vascular-surgery/chennai/dr-rajan-santhosham
India,Chennai,"Apollo Hospitals, Greams Road, Chennai","Cardiac Care","Dr Sai Satish",https://www.apollohospitals.com/doctors/interventional-cardiologist/chennai/dr-sai-satish
India,Chennai,"Apollo Hospitals, Greams Road, Chennai","Cardiac Care","Dr Rajiv Santosham",https://www.apollohospitals.com/doctors/thoracic-surgery/chennai/dr-rajiv-santosham
India,Chennai,"Apollo Speciality Hospitals, Teynampet, Chennai","Cardiac Care","Dr Rakesh Gopal",https://www.apollohospitals.com/doctors/cardiologist/chennai/dr-rakesh-gopal
India,Hyderabad,"Apollo Health City, Jubilee Hills, Hyderabad","Cardiac Care","Dr Soumen Devidutta",https://www.apollohospitals.com/doctors/cardiologist/hyderabad/dr-soumen-devidutta
India,Madurai,"Apollo Speciality Hospitals Madurai","Cardiac Care","Dr Subbu Ramakrishnan P",https://www.apollohospitals.com/doctors/cardiologist/madurai/dr-subbu-ramakrishnan-p
India,Chennai,"Apollo Firstmed Hospital, Chennai","Cardiac Care","Dr Prabhakar D",https://www.apollohospitals.com/doctors/cardiologist/chennai/dr-prabhakar-d
India,Indore,"Apollo Hospitals, Indore","Cardiac Care","Dr Nishith Bhargava",https://www.apollohospitals.com/doctors/paediatric-cardiac-surgery/indore/dr-nishith-bhargava
India,Hyderabad,"Apollo Health City, Jubilee Hills, Hyderabad","Cardiac Care","Dr B V A Ranga Reddy",https://www.apollohospitals.com/doctors/cardiologist/hyderabad/dr-b-v-a-ranga-reddy
India,Mumbai,"Apollo Hospitals, Mumbai","Cardiac Care","Dr Brajesh Kumar Kunwar",https://www.apollohospitals.com/doctors/interventional-cardiologist/mumbai/dr-brajesh-kumar-kunwar
India,Hyderabad,"Apollo Health City, Jubilee Hills, Hyderabad","Cardiac Care","Dr L Kiran Kumar Reddy",https://www.apollohospitals.com/doctors/cardiologist/hyderabad/dr-l-kiran-kumar-reddy
India,Bangalore,"Apollo Speciality Hospital, Jayanagar, Bangalore","Cardiac Care","Dr. Praveen Kumar A. S",https://www.apollohospitals.com/doctors/cardiologist/bangalore/dr-praveen-kuma-a-s
India,Chennai,"Apollo Speciality Hospitals, Teynampet, Chennai","Cardiac Care","Dr L Srichandran",https://www.apollohospitals.com/doctors/cardiologist/chennai/dr-l-srichandran
India,Bangalore,"Apollo Hospitals, Bannerghatta Road, Bangalore","Cardiac Care","Dr Vithal D Bagi",https://www.apollohospitals.com/doctors/cardiologist/bangalore/dr-vithal-d-bagi
India,Bangalore,"Apollo Speciality Hospital, Jayanagar, Bangalore","Cardiac Care","Dr D Manjunath",https://www.apollohospitals.com/doctors/cardiologist/bangalore/dr-d-manjunath
India,Chennai,"Apollo Hospitals, Greams Road, Chennai","Cardiac Care","Dr Vijayakumar S",https://www.apollohospitals.com/doctors/interventional-cardiologist/chennai/dr-vijayakumar-s
India,Delhi,"Apollo Hospitals, Delhi","Cardiac Care","Dr Varun Bansal",https://www.apollohospitals.com/doctors/cardiothoracic-and-vascular-surgery/delhi/dr-varun-bansal
India,Trichy,"Apollo Speciality Hospitals, Trichy","Cardiac Care","Dr Vijay Shekar P",https://www.apollohospitals.com/doctors/cardiologist/trichy/dr-vijay-shekar-p
India,Nellore,"Apollo Specialty Hospitals, Nellore","Cardiac Care","Dr Chirra Bhakthavatsala Reddy",https://www.apollohospitals.com/doctors/cardiologist/nellore/dr-chirra-bhakthavatsala-reddy
India,Bangalore,"Apollo Hospitals, Bannerghatta Road, Bangalore","Cardiac Care","Prof. Dr. Niranjan Hiremath",https://www.apollohospitals.com/doctors/cardiologist/bangalore/dr-niranjan-hiremath
India,Chennai,"Apollo Speciality Hospitals, OMR, Chennai","Cardiac Care","Dr Balaraman Palaniappan",https://www.apollohospitals.com/doctors/cardiothoracic-and-vascular-surgery/chennai/dr-balaraman-palaniappan
India,Hyderabad,"Apollo Hospitals, Financial District","Cardiac Care","Dr Ajeya Joshi",https://www.apollohospitals.com/doctors/cardio-thoracic-surgeon/hyderabad/dr-ajeya-joshi
India,Chennai,"Apollo Hospitals, Greams Road, Chennai","Cardiac Care","Dr Prakash M Ludhani",https://www.apollohospitals.com/doctors/cardio-thoracic-surgeon/chennai/dr-prakash-m-ludhani
India,Kakinada,"Apollo Hospitals, Kakinada","Cardiac Care","Dr T Venkateswara Rao",https://www.apollohospitals.com/doctors/interventional-cardiologist/kakinada/dr-venkateswara-rao-tangella
India,Ahmedabad,"Apollo Hospitals International Ltd, Ahmedabad","Cardiac Care","Dr Rashmit Pandya",https://www.apollohospitals.com/doctors/cardiologist/ahmedabad/dr-rashmit-pandya
India,Chennai,"Apollo Speciality Hospitals, Vanagaram, Chennai","Cardiac Care","Dr Ramakrishnan G",https://www.apollohospitals.com/doctors/cardiothoracic-and-vascular-surgery/chennai/dr-ramakrishnan-g
India,Mumbai,"Apollo Hospitals, Mumbai","Cardiac Care","Dr Mahesh Ghogare",https://www.apollohospitals.com/doctors/cardiologist/mumbai/dr-mahesh-ghogare
India,Chennai,"Apollo Hospitals, Greams Road, Chennai","Cardiac Care","Dr Prabakar V",https://www.apollohospitals.com/doctors/cardio-thoracic-surgeon/chennai/dr-prabakar-v
India,Bangalore,"Apollo Hospitals, Bannerghatta Road, Bangalore","Cardiac Care","Dr Abhijit Vilas Kulkarni",https://www.apollohospitals.com/doctors/cardiologist/bangalore/dr-abhijit-vilas-kulkarni
India,Indore,"Apollo Hospitals, Indore","Cardiac Care","Dr Abhishek Rathore",https://www.apollohospitals.com/doctors/cardiologist/indore/dr-abhishek-rathore
India,Ahmedabad,"Apollo Hospitals International Ltd, Ahmedabad","Cardiac Care","Dr Deepti Kakkar",https://www.apollohospitals.com/doctors/paediatric-cardiac-surgery/ahmedabad/dr-deepti-kakkar
India,Delhi,"Apollo Hospitals, Delhi","Cardiac Care","Dr Gautam Niloba Naik",https://www.apollohospitals.com/doctors/cardiologist/delhi/dr-gautam-niloba-naik
India,Trichy,"Apollo Speciality Hospitals, Trichy","Cardiac Care","Dr R Ravindran",https://www.apollohospitals.com/doctors/cardiologist/trichy/dr-r-ravindran
India,Trichy,"Apollo Speciality Hospitals, Trichy","Cardiac Care","Dr Srikanth Bhumana",https://www.apollohospitals.com/doctors/cardiothoracic-and-vascular-surgery/trichy/dr-srikanth-bhumana
India,Chennai,"Apollo Hospitals, Greams Road, Chennai","Cardiac Care","Dr Arulnidhi Ayyanathan",https://www.apollohospitals.com/doctors/cardiologist/chennai/dr-arulnidhi-ayyanathan
India,Pune,"Apollo Hospitals, Pune","Cardiac Care","Dr Tanmay Kulkarni",https://www.apollohospitals.com/doctors/interventional-cardiologist/pune/dr-tanmay-kulkarni
India,Bangalore,"Apollo Hospitals, Bannerghatta Road, Bangalore","Cardiac Care","Dr Venkatesh T K",https://www.apollohospitals.com/doctors/cardiologist/bangalore/dr-venkatesh-t-k
India,Indore,"Apollo Hospitals, Indore","Cardiac Care","Dr Shirish Agrawal",https://www.apollohospitals.com/doctors/cardiologist/indore/dr-shirish-agarwal
India,Pune,"Apollo Hospitals, Pune","Cardiac Care","Dr Saleena Vaidya",https://www.apollohospitals.com/doctors/cardiologist/pune/dr-saleena-vaidya
India,Ahmedabad,"Apollo Hospitals International Ltd, Ahmedabad","Cardiac Care","Dr Arvind Singh",https://www.apollohospitals.com/doctors/cardiologist/ahmedabad/dr-arvind-singh
India,Kolkata,"Apollo Hospitals - Narendrapur","Cardiac Care","Dr Aditya Verma",https://www.apollohospitals.com/doctors/interventional-cardiologist/kolkata/dr-aditya-verma
India,Kolkata,"Apollo Multispeciality Hospitals, EM Bypass, Kolkata","Cardiac Care","Dr Nabarun Roy",https://www.apollohospitals.com/doctors/cardiologist/kolkata/dr-nabarun-roy
India,Kolkata,"Apollo Multispeciality Hospitals, EM Bypass, Kolkata","Cardiac Care","Dr Bikash Majumder",https://www.apollohospitals.com/doctors/cardiologist/kolkata/dr-bikash-majumder
India,Mumbai,"Apollo Hospitals, Mumbai","Cardiac Care","Dr Sachin Sanagar",https://www.apollohospitals.com/doctors/cardiologist/mumbai/dr-sachin-sanagar
India,Chennai,"Apollo Hospitals, Greams Road, Chennai","Cardiac Care","Dr Srinivasan K N",https://www.apollohospitals.com/doctors/cardiologist/chennai/dr-srinivasan-k-n
India,Warangal,"Apollo Reach N S R Hospital, Warangal, Hyderabad","Cardiac Care","Dr PHANINDRA MOTHUKURI",https://www.apollohospitals.com/doctors/cardiologist/warangal/dr-phanindra-mothukuri
India,Chennai,"Apollo Speciality Hospitals, Teynampet, Chennai","Cardiac Care","Dr Vignesh Thanikgaivasan",https://www.apollohospitals.com/doctors/cardiologist/chennai/dr-vignesh-thanikgaivasan
India,Chennai,"Apollo Speciality Hospitals, Vanagaram, Chennai","Cardiac Care","Dr Ajeet Arulkumar S J",https://www.apollohospitals.com/doctors/cardiologist/chennai/dr-ajeet-arulkumar-s-j
India,Chennai,"Apollo Hospitals, Greams Road, Chennai","Cardiac Care","Dr Kanthallu Srinivasan",https://www.apollohospitals.com/doctors/cardiologist/chennai/dr-kanthallu-srinivasan
India,Madurai,"Apollo Speciality Hospitals Madurai","Cardiac Care","Dr M Selvaganesh",https://www.apollohospitals.com/doctors/interventional-cardiologist/madurai/dr-m-selvaganesh
India,Chennai,"Apollo Speciality Hospitals, Teynampet, Chennai","Cardiac Care","Dr Khader Hussain",https://www.apollohospitals.com/doctors/thoracic-surgery/chennai/dr-khader-hussain
India,Cochin,"Apollo Adlux Hospital, Cochin","Cardiac Care","Dr Rinett Sebastian",https://www.apollohospitals.com/doctors/cardiothoracic-and-vascular-surgery/cochin/dr-rinett-sebastian
India,Pune,"Apollo Hospitals, Pune","Cardiac Care","Dr Smruti Hindaria",https://www.apollohospitals.com/doctors/cardio-thoracic-and-vascular-surgeon/pune/dr-smruti-hindaria
India,Kakinada,"Apollo Hospitals, Kakinada","Cardiac Care","Dr Venkatesh Reddy Sathi",https://www.apollohospitals.com/doctors/cardiologist/kakinada/dr-venkatesh-reddy-sathi
India,Ahmedabad,"Apollo Hospitals International Ltd, Ahmedabad","Cardiac Care","Dr Chirag M Patel",https://www.apollohospitals.com/doctors/cardiologist/ahmedabad/dr-chirag-m-patel
India,Ahmedabad,"Apollo Hospitals International Ltd, Ahmedabad","Cardiac Care","Dr Mahpaekar Mashaddi",https://www.apollohospitals.com/doctors/interventional-cardiologist/ahmedabad/dr-mahpaekar-mashaddi
India,Guwahati,"Apollo Excelcare, Guwahati","Cardiac Care","Dr Amitava Misra",https://www.apollohospitals.com/doctors/cardiologist/guwahati/dr-amitava-misra
India,Kolkata,"Apollo Multispeciality Hospitals, EM Bypass, Kolkata","Cardiac Care","Dr Poornima Sivakumar",https://www.apollohospitals.com/doctors/cardiothoracic-and-vascular-surgery/kolkata/dr-poornima-sivakumar
India,Kolkata,"Apollo Multispeciality Hospitals, EM Bypass, Kolkata","Cardiac Care","Dr Aritra Konar",https://www.apollohospitals.com/doctors/cardiologist/kolkata/dr-aritra-konar
India,Hyderabad,"Apollo Hospitals, DRDO, Kanchanbagh, Hyderabad","Cardiac Care","Dr R Sreekanth Reddy",https://www.apollohospitals.com/doctors/cardiologist/hyderabad/dr-r-sreekanth-reddy
India,Bangalore,"Apollo Hospitals, Bannerghatta Road, Bangalore","Cardiac Care","Dr Rahul Patil",https://www.apollohospitals.com/doctors/cardiologist/bangalore/dr-rahul-patil
India,Hyderabad,"Apollo Hospitals, Secunderabad, Hyderabad","Cardiac Care","Dr Sajith K Pavithran",https://www.apollohospitals.com/doctors/cardiologist/hyderabad/dr-sajith-k-pavithran
India,Guwahati,"Apollo Hospitals, Guwahati","Cardiac Care","Dr Rituparna Baruah",https://www.apollohospitals.com/doctors/cardiologist/guwahati/dr-rituparna-baruah
India,Ahmedabad,"Apollo Hospitals International Ltd, Ahmedabad","Cardiac Care","Dr Pavan Patel",https://www.apollohospitals.com/doctors/pediatric-cardiologist/ahmedabad/dr-pavan-patel
India,Chennai,"Apollo Children's Hospital, Chennai","Cardiac Care","Dr Prasad Manne",https://www.apollohospitals.com/doctors/cardiologist/chennai/dr-prasad-manne
India,Chennai,"Apollo Speciality Hospitals, Vanagaram, Chennai","Cardiac Care","Dr Nikhil P J Theckumparampil",https://www.apollohospitals.com/doctors/cardio-thoracic-surgeon/chennai/dr-nikhil-p-j-theckumparampil
India,Lucknow,"Apollo Hospitals Lucknow","Cardiac Care","Dr Varun Kumar Tiwari",https://www.apollohospitals.com/doctors/pediatric-cardiologist/lucknow/dr-varun-kumar-tiwari
India,Bangalore,"Apollo Hospitals, Seshadripuram, Bangalore","Cardiac Care","Dr Vikram Kolhari",https://www.apollohospitals.com/doctors/cardiologist/bangalore/dr-vikram-kolhari
India,Chennai,"Apollo Hospitals, Greams Road, Chennai","Cardiac Care","Dr Ajay Narasimhan",https://www.apollohospitals.com/doctors/cardiothoracic-and-vascular-surgery/chennai/dr-ajay-narasimhan
India,Chennai,"Apollo Speciality Hospitals, OMR, Chennai","Cardiac Care","Dr Arul Ebnezer Daniel",https://www.apollohospitals.com/doctors/cardiologist/chennai/dr-arul-ebnezer-daniel
India,Guwahati,"Apollo Hospitals, Guwahati","Cardiac Care","Dr Chandra Kumar Das",https://www.apollohospitals.com/doctors/cardiologist/guwahati/dr-chandra-kumar-das
India,Delhi,"Apollo Hospitals, Delhi","Cardiac Care","Dr Sharmil Kanna",https://www.apollohospitals.com/doctors/paediatric-cardiac-surgery/delhi/dr-sharmil-kanna
India,Chennai,"Apollo Hospitals, Greams Road, Chennai","Cardiac Care","Dr K Kirubakaran",https://www.apollohospitals.com/doctors/cardiologist/chennai/dr-k-kirubakaran
India,Bangalore,"Apollo Hospitals Sarjapur Road, Bangalore","Cardiac Care","Dr Prashant Adeppa",https://www.apollohospitals.com/doctors/cardiologist/bangalore/dr-prashant-adeppa
India,Indore,"Apollo Hospitals, Indore","Cardiac Care","Dr Praveen Jaiswal",https://www.apollohospitals.com/doctors/interventional-cardiologist/indore/dr-praveen-jaiswal
India,Bangalore,"Apollo Hospitals Sarjapur Road, Bangalore","Cardiac Care","Dr Praneeth Suryadevara",https://www.apollohospitals.com/doctors/cardiologist/bangalore/dr-praneeth-suryadevara
India,Noida,"Apollo Hospitals Noida","Cardiac Care","Dr Niranjan Hiremath",https://www.apollohospitals.com/doctors/cardio-vascular-and-aortic-surgery/noida/dr-niranjan-hiremath
India,Bhopal,"Apollo Sage Hospitals","Cardiac Care","Dr Gaurav Khandelwal",https://www.apollohospitals.com/doctors/cardiologist/bhopal/dr-gaurav-khandelwal
India,Lucknow,"Apollo Hospitals Lucknow","Cardiac Care","Dr Rahul Bhushan",https://www.apollohospitals.com/doctors/cardiothoracic-and-vascular-surgery/lucknow/dr-rahul-bhushan
India,Bhubaneswar,"Apollo Hospitals, Bhubaneswar","Cardiac Care","Dr Satyajit Sahoo",https://www.apollohospitals.com/doctors/cardiothoracic-and-vascular-surgery/bhubaneswar/dr-satyajit-sahoo
India,Bhubaneswar,"Apollo Hospitals, Bhubaneswar","Cardiac Care","Dr Gobinda Prasad Nayak",https://www.apollohospitals.com/doctors/cardiologist/bhubaneswar/dr-gobinda-prasad-nayak
India,Chennai,"Apollo Children's Hospital, Chennai","Cardiac Care","Dr Swaminathan V",https://www.apollohospitals.com/doctors/paediatric-cardiac-surgeon/chennai/dr-swaminathan-v
India,Bilaspur,"Apollo Hospitals, Bilaspur","Cardiac Care","Dr Rupesh Shrivastava",https://www.apollohospitals.com/doctors/cardiologist/bilaspur/dr-rupesh-shrivastava
India,Nashik,"Apollo Hospitals, Nashik","Cardiac Care","Dr Bhushan Tile",https://www.apollohospitals.com/doctors/cardiologist/nashik/dr-bhushan-tile
India,Mysore,"Apollo BGS Hospitals, Mysore","Cardiac Care","Dr Chethan Bhardwaj",https://www.apollohospitals.com/doctors/cardiologist/mysore/dr-chethan-bhardwaj
India,Cochin,"Apollo Adlux Hospital, Cochin","Cardiac Care","Dr Thrudeep Sagar",https://www.apollohospitals.com/doctors/cardiologist/cochin/dr-thrudeep-sagar
India,Delhi,"Apollo Hospitals, Delhi","Cardiac Care","Dr Arif Wahab",https://www.apollohospitals.com/doctors/cardiologist/delhi/dr-arif-wahab
India,Guwahati,"Apollo Excelcare, Guwahati","Cardiac Care","Dr Intekhab Alam",https://www.apollohospitals.com/doctors/cardio-thoracic-surgeon/guwahati/dr-intekhab-alam
India,Chennai,"Apollo Hospitals, Greams Road, Chennai","Cardiac Care","Dr Dheeraj Reddy P",https://www.apollohospitals.com/doctors/cardio-thoracic-surgeon/chennai/dr-dheeraj-reddy-p
India,Hyderabad,"Apollo Health City, Jubilee Hills, Hyderabad","Cardiac Care","Dr Kiran Teja Varigonda",https://www.apollohospitals.com/doctors/cardiologist/hyderabad/dr-kiran-teja-varigonda
India,Lucknow,"Apollo Hospitals Lucknow","Cardiac Care","Dr Tarun Bansal",https://www.apollohospitals.com/doctors/cardiologist/lucknow/dr-tarun-bansal
India,Hyderabad,"Apollo Health City, Jubilee Hills, Hyderabad","Cardiac Care","Dr Karunakar Rapolu",https://www.apollohospitals.com/doctors/cardiologist/hyderabad/dr-karunakar-rapolu
India,Mumbai,"Apollo Hospitals, Mumbai","Cardiac Care","Dr Charan Reddy",https://www.apollohospitals.com/doctors/cardiologist/mumbai/dr-charan-reddy
India,Bhubaneswar,"Apollo Hospitals, Bhubaneswar","Cardiac Care","Dr Byomakesh Dikshit",https://www.apollohospitals.com/doctors/cardiologist/bhubaneswar/dr-byomakesh-dikshit
India,Hyderabad,"Apollo Hospitals, Secunderabad, Hyderabad","Cardiac Care","Dr Vijay Kumar B",https://www.apollohospitals.com/doctors/interventional-cardiologist/hyderabad/dr-vijay-kumar-b
India,Bangalore,"Apollo Hospitals, Seshadripuram, Bangalore","Cardiac Care","Dr Somashekar C M",https://www.apollohospitals.com/doctors/cardiologist/bangalore/dr-somashekar-c-m
India,Indore,"Apollo Hospitals, Indore","Cardiac Care","Dr Sumit Bangeria",https://www.apollohospitals.com/doctors/thoracic-surgery/indore/dr-sumit-bangeria
India,Chennai,"Apollo Speciality Hospitals, Vanagaram, Chennai","Cardiac Care","Dr S Aravind",https://www.apollohospitals.com/doctors/cardiologist/chennai/dr-s-aravind
India,Bhubaneswar,"Apollo Hospitals, Bhubaneswar","Cardiac Care","Dr Priyabrata Sahu",https://www.apollohospitals.com/doctors/cardiologist/bhubaneswar/dr-priyabrata-sahu
India,Bangalore,"Apollo Hospitals Sarjapur Road, Bangalore","Cardiac Care","Dr K Nikhitha Reddy",https://www.apollohospitals.com/doctors/cardiologist/bangalore/dr-k-nikhitha-reddy
India,Bangalore,"Apollo Hospitals Sarjapur Road, Bangalore","Cardiac Care","Dr Sujay J",https://www.apollohospitals.com/doctors/cardiologist/bangalore/dr-sujay-j
India,Mysore,"Apollo BGS Hospitals, Mysore","Cardiac Care","Dr. Yousuf Mohammed Rafi",https://www.apollohospitals.com/doctors/cardiologist/mysore/dr-mohammed-rafi
India,Mysore,"Apollo BGS Hospitals, Mysore","Cardiac Care","Dr Kiran Mugadur",https://www.apollohospitals.com/doctors/interventional-cardiologist/mysore/dr-kiran-mugadur
India,Hyderabad,"Apollo Health City, Jubilee Hills, Hyderabad","Cardiac Care","Dr Arvind Muthirevula",https://www.apollohospitals.com/doctors/cardio-thoracic-surgeon/hyderabad/dr-arvind-muthirevula
India,Bhubaneswar,"Apollo Hospitals, Bhubaneswar","Cardiac Care","Dr Raghunath Mohapatra",https://www.apollohospitals.com/doctors/cardiothoracic-and-vascular-surgery/bhubaneswar/dr-raghunath-mohapatra
India,Hyderabad,"Apollo Hospitals, Hyderguda, Hyderabad","Cardiac Care","Dr Kapil Challawar",https://www.apollohospitals.com/doctors/cardiologist/hyderabad/dr-kapil-challawar
India,Bilaspur,"Apollo Hospitals, Bilaspur","Cardiac Care","Dr Abhishek Kaushley",https://www.apollohospitals.com/doctors/cardiologist/bilaspur/dr-abhishek-kaushley
India,Trichy,"Apollo Speciality Hospitals, Trichy","Cardiac Care","Dr Vijay Madhan",https://www.apollohospitals.com/doctors/cardiothoracic-and-vascular-surgery/trichy/dr-vijay-madhan
India,Hyderabad,"Apollo Health City, Jubilee Hills, Hyderabad","Cardiac Care","Dr Vamshi Krishna Mamidela",https://www.apollohospitals.com/doctors/cardiologist/hyderabad/dr-vamshi-krishna-mamidela
India,Mysore,"Apollo BGS Hospitals, Mysore","Cardiac Care","Dr Siddarth Kumar Chawath",https://www.apollohospitals.com/doctors/interventional-cardiologist/mysore/dr-siddarth-kumar-chawath
India,Pune,"Apollo Hospitals, Pune","Cardiac Care","Dr Naresh Munot",https://www.apollohospitals.com/doctors/cardiologist/pune/dr-naresh-munot
India,Ahmedabad,"Apollo Hospitals International Ltd, Ahmedabad","Cardiac Care","Dr Ishan Gohil",https://www.apollohospitals.com/doctors/cardiothoracic-and-vascular-surgery/ahmedabad/dr-ishan-gohil
India,Guwahati,"Apollo Excelcare, Guwahati","Cardiac Care","Dr Dhanjit Nath",https://www.apollohospitals.com/doctors/cardiologist/guwahati/dr-dhanjit-nath
India,Madurai,"Apollo Speciality Hospitals Madurai","Cardiac Care","Dr Rangamanikandan M",https://www.apollohospitals.com/doctors/cardiologist/madurai/dr-rangamanikandan-m
India,Trichy,"Apollo Speciality Hospitals, Trichy","Cardiac Care","Dr Sundaram C",https://www.apollohospitals.com/doctors/cardiac-pacing-and-electrophysiology/trichy/dr-sundaram-c
India,Hyderabad,"Apollo Hospitals, Financial District","Cardiac Care","Dr Pathuri Avinash",https://www.apollohospitals.com/doctors/interventional-cardiologist/hyderabad/dr-pathuri-avinash
India,Chennai,"Apollo Speciality Hospitals, Vanagaram, Chennai","Cardiac Care","Dr Premkumar K J",https://www.apollohospitals.com/doctors/cardiologist/chennai/dr-premkumar-k-j
India,Kakinada,"Apollo Hospitals, Kakinada","Cardiac Care","Dr Pushyami Vemulapalli",https://www.apollohospitals.com/doctors/cardiothoracic-and-vascular-surgery/kakinada/dr-pushyami-vemulapalli
India,Bhopal,"Apollo Sage Hospitals","Cardiac Care","Dr Chandra Kumar Singh",https://www.apollohospitals.com/doctors/cardiologist/bhopal/dr-chandra-kumar-singh
India,Visakhapatnam,"Apollo Hospitals Ramnagar, Vizag","Cardiac Care","Dr Chakradhar Pedada",https://www.apollohospitals.com/doctors/cardiologist/visakhapatnam/dr-chakradhar-pedada
India,Guwahati,"Apollo Excelcare, Guwahati","Cardiac Care","Dr Diganta Buragohain",https://www.apollohospitals.com/doctors/cardiologist/guwahati/dr-diganta-buragohain
India,Chennai,"Apollo Hospitals, Greams Road, Chennai","Cardiac Care","Dr Poorna Pushkala Natarajan",https://www.apollohospitals.com/doctors/cardiologist/chennai/dr-poorna-pushkala-natarajan
India,Mumbai,"Apollo Hospitals, Mumbai","Cardiac Care","Dr Rajesh Matta",https://www.apollohospitals.com/doctors/cardiologist/mumbai/dr-rajesh-matta
India,Karur,"Apollo Hospital, Karur","Cardiac Care","Dr Kesavan S",https://www.apollohospitals.com/doctors/cardiologist/karur/dr-kesavan-s
India,"Karim Nagar","Apollo Reach Hospital Karimnagar, Hyderabad","Cardiac Care","Dr Dangeti Santhosh Kumar",https://www.apollohospitals.com/doctors/cardio-thoracic-and-vascular-surgeon/karim-nagar/dr-dangeti-santhosh-kumar
India,Madurai,"Apollo Speciality Hospitals Madurai","Cardiac Care","Dr. J X A Manfred Fernando",https://www.apollohospitals.com/doctors/cardiothoracic-and-vascular-surgery/madurai/dr-j-x-a-manfred-fernando
India,Visakhapatnam,"Apollo Hospitals Health City, Arilova, Vizag","Cardiac Care","Dr Anuradha Darimireddi",https://www.apollohospitals.com/doctors/interventional-cardiologist/visakhapatnam/dr-anuradha-darimireddi
India,Kakinada,"Apollo Hospitals, Kakinada","Cardiac Care","Dr Prasanthi Ponnamalla",https://www.apollohospitals.com/doctors/cardiologist/kakinada/dr-prasanthi-ponnamalla
India,Rourkela,"Apollo Super Speciality Hospital, Rourkela","Cardiac Care","Dr Ravi Ranjan Kindo",https://www.apollohospitals.com/doctors/interventional-cardiologist/rourkela/dr-ravi-ranjan-kindo
India,Ahmedabad,"Apollo Hospitals International Ltd, Ahmedabad","Cardiac Care","Dr Kulin Sheth",https://www.apollohospitals.com/doctors/cardiologist/ahmedabad/dr-kulin-sheth
India,Ahmedabad,"Apollo Hospitals International Ltd, Ahmedabad","Cardiac Care","Dr Jaykumar Sanghavi",https://www.apollohospitals.com/doctors/cardiologist/ahmedabad/dr-jay-kumar-sanghavi
India,Madurai,"Apollo Women & Child Care Hospital, Madurai","Cardiac Care","Dr Senthil Kumar L K",https://www.apollohospitals.com/doctors/pediatric-cardiologist/madurai/dr-senthil-kumar-l-k
India,"Karim Nagar","Apollo Reach Hospital Karimnagar, Hyderabad","Cardiac Care","Dr Marupudi Krishna Chaithanya",https://www.apollohospitals.com/doctors/cardiologist/karim-nagar/dr-marupudi-krishna-chaithanya
India,Hyderabad,"Apollo Hospitals, Secunderabad, Hyderabad","Cardiac Care","Dr Harish Reddy M S",https://www.apollohospitals.com/doctors/cardiologist/hyderabad/dr-harish-reddy-m-s
India,Lucknow,"Apollo Hospitals Lucknow","Cardiac Care","Dr Manjubhargava P",https://www.apollohospitals.com/doctors/cardiologist/lucknow/dr-manjubhargava-p
India,Guwahati,"Apollo Excelcare, Guwahati","Cardiac Care","Dr Anupam Biswas",https://www.apollohospitals.com/doctors/pediatric-cardiologist/guwahati/dr-anupam-biswas
India,Bangalore,"Apollo Hospitals, Seshadripuram, Bangalore","Cardiac Care","Dr Sagar Shah",https://www.apollohospitals.com/doctors/cardiologist/bangalore/dr-sagar-shah
India,Lucknow,"Apollo Hospitals Lucknow","Cardiac Care","Dr Arjun Tandon",https://www.apollohospitals.com/doctors/interventional-cardiologist/lucknow/dr-arjun-tandon
India,Chennai,"Apollo Speciality Hospitals, Vanagaram, Chennai","Cardiac Care","Dr Pradeep Anand Mv",https://www.apollohospitals.com/doctors/cardiothoracic-and-vascular-surgeon/chennai/dr-pradeep-anand-mv
India,Hyderabad,"Apollo Hospitals, DRDO, Kanchanbagh, Hyderabad","Cardiac Care","Dr Enosh Katta",https://www.apollohospitals.com/doctors/cardiologist/hyderabad/dr-enosh-katta
India,Hyderabad,"Apollo Hospitals, DRDO, Kanchanbagh, Hyderabad","Cardiac Care","Dr Sampath Kumar Madapati",https://www.apollohospitals.com/doctors/cardiologist-and-electrophysiologist/hyderabad/dr-sampath-kumar-madapati
India,Hyderabad,"Apollo Health City, Jubilee Hills, Hyderabad",Orthopedic,"Dr Jairam Chandra Pingle",https://www.apollohospitals.com/doctors/orthopedician/hyderabad/dr-jairamchander-pingle
India,Delhi,"Apollo Hospitals, Delhi",Orthopedic,"Dr Vinod Sukhija",https://www.apollohospitals.com/doctors/orthopedician/delhi/dr-vinod-sukhija
India,Pune,"Apollo Hospitals, Pune",Orthopedic,"Dr Narayan Jivaji Karne",https://www.apollohospitals.com/doctors/orthopaedics-and-joint-replacement-surgery/pune/dr-narayan-jivaji-karne
India,Delhi,"Apollo Hospitals, Delhi",Orthopedic,"Dr Prof Raju Vaishya",https://www.apollohospitals.com/doctors/orthopedician/delhi/dr-prof-raju-vaishya
India,Delhi,"Apollo Hospitals, Delhi",Orthopedic,"Dr Ramani Narasimhan",https://www.apollohospitals.com/doctors/pediatric-orthopaedician/delhi/dr-ramani-narasimhan
India,Bangalore,"Apollo Speciality Hospital, Jayanagar, Bangalore",Orthopedic,"Dr Sanjay Pai",https://www.apollohospitals.com/doctors/orthopedician/bangalore/dr-sanjay-pai
India,Bangalore,"Apollo Speciality Hospital, Jayanagar, Bangalore",Orthopedic,"Dr Surendranath Shetty B",https://www.apollohospitals.com/doctors/orthopedician/bangalore/dr-surendranath-shetty-b
India,Chennai,"Apollo Hospitals, Greams Road, Chennai",Orthopedic,"Dr Gopala Krishnan",https://www.apollohospitals.com/doctors/orthopedician/chennai/dr-gopala-krishnan
India,Pune,"Apollo Hospitals, Pune",Orthopedic,"Dr Anil Bhatia",https://www.apollohospitals.com/doctors/orthopedician/pune/dr-anil-bhatia
India,Noida,"Apollo Hospitals Noida",Orthopedic,"Dr Yash Gulati",https://www.apollohospitals.com/doctors/orthopedician/noida/dr-yash-gulati
India,Delhi,"Apollo Hospitals, Delhi",Orthopedic,"Dr Kapil Kumar",https://www.apollohospitals.com/doctors/orthopedician/delhi/dr-kapil-kumar
India,Mumbai,"Apollo Hospitals, Mumbai",Orthopedic,"Dr Vikram Paode",https://www.apollohospitals.com/doctors/orthopedician/mumbai/dr-vikram-paode
India,Hyderabad,"Apollo Health City, Jubilee Hills, Hyderabad",Orthopedic,"Dr. K J Reddy",https://www.apollohospitals.com/doctors/orthopedician/hyderabad/dr-k-j-reddy
India,Delhi,"Apollo Hospitals, Delhi",Orthopedic,"Dr Kulbhushan Attri",https://www.apollohospitals.com/doctors/orthopedician/delhi/dr-kulbhushan-attri
India,Delhi,"Apollo Hospitals, Delhi",Orthopedic,"Dr Harsh Bhargava",https://www.apollohospitals.com/doctors/orthopedician/delhi/dr-harsh-bhargava
India,Noida,"Apollo Hospitals Noida",Orthopedic,"Dr Manoj Sharma",https://www.apollohospitals.com/doctors/orthopedician/noida/dr-manoj-sharma
India,Mumbai,"Apollo Hospitals, Mumbai",Orthopedic,"Dr Prashant Agrawal",https://www.apollohospitals.com/doctors/orthopedician/mumbai/dr-prashant-agrawal
India,Hyderabad,"Apollo Health City, Jubilee Hills, Hyderabad",Orthopedic,"Dr N Somasekhar Reddy",https://www.apollohospitals.com/doctors/orthopedician/hyderabad/dr-n-somasekhar-reddy
India,Delhi,"Apollo Hospitals, Delhi",Orthopedic,"Dr Prof Rajesh Malhotra",https://www.apollohospitals.com/doctors/orthopedician/delhi/dr-prof-rajesh-malhotra
India,Hyderabad,"Apollo Hospitals, DRDO, Kanchanbagh, Hyderabad",Orthopedic,"Dr Jarugumilli Srikanth",https://www.apollohospitals.com/doctors/orthopedician/hyderabad/dr-jarugumilli-srikanth
India,Hyderabad,"Apollo Health City, Jubilee Hills, Hyderabad",Orthopedic,"Dr P Sharat Kumar",https://www.apollohospitals.com/doctors/orthopedician/hyderabad/dr-p-sharat-kumar
India,Noida,"Apollo Hospitals Noida",Orthopedic,"Dr Ajay Wadhawan",https://www.apollohospitals.com/doctors/orthopaedic-surgeon/noida/dr-ajay-wadhawan
India,Bangalore,"Apollo Hospitals, Seshadripuram, Bangalore",Orthopedic,"Dr Madan Ballal",https://www.apollohospitals.com/doctors/orthopedician/bangalore/dr-madan-ballal
India,Delhi,"Apollo Hospitals, Delhi",Orthopedic,"Dr Chander Shekar",https://www.apollohospitals.com/doctors/orthopedician/delhi/dr-chander-shekar
India,Pune,"Apollo Hospitals, Pune",Orthopedic,"Dr Santosh Philip",https://www.apollohospitals.com/doctors/hand-surgery-and-limb-reconstructive-surgery/pune/dr-santosh-philip
India,Kolkata,"Apollo Multispeciality Hospitals, EM Bypass, Kolkata",Orthopedic,"Dr Ravi Ganesh Bharadwaj",https://www.apollohospitals.com/doctors/orthopedician/kolkata/dr-ravi-ganesh-bharadwaj
India,Delhi,"Apollo Hospitals, Delhi",Orthopedic,"Dr Yatinder Kharbanda",https://www.apollohospitals.com/doctors/orthopedician/delhi/dr-yatinder-kharbanda
India,Chennai,"Apollo Speciality Hospitals, Teynampet, Chennai",Orthopedic,"Dr Sajan K Hegde",https://www.apollohospitals.com/doctors/spine-surgeon/chennai/dr-sajan-k-hegde
India,Chennai,"Apollo Firstmed Hospital, Chennai",Orthopedic,"Dr Dhilip Kumar T",https://www.apollohospitals.com/doctors/orthopedician/chennai/dr-dhilip-kumar-t
India,Hyderabad,"Apollo Hospitals, Hyderguda, Hyderabad",Orthopedic,"Dr M Hari Sharma",https://www.apollohospitals.com/doctors/orthopedician/hyderabad/dr-m-hari-sharma
India,Hyderabad,"Apollo Hospitals, Financial District",Orthopedic,"Dr Deepthi Nandan Reddy",https://www.apollohospitals.com/doctors/orthopedician/hyderabad/dr-deepthi-nandan-reddy
India,Chennai,"Apollo Hospitals, Greams Road, Chennai",Orthopedic,"Dr Madan Mohan Reddy",https://www.apollohospitals.com/doctors/orthopedician/chennai/dr-madan-mohan-reddy
India,Chennai,"Apollo Hospitals, Greams Road, Chennai",Orthopedic,"Dr Veerabahu Muthusamy",https://www.apollohospitals.com/doctors/orthopedician/chennai/dr-veerabahu-muthusamy
India,Lucknow,"Apollo Hospitals Lucknow",Orthopedic,"Dr Sanjai Kumar Srivastava",https://www.apollohospitals.com/doctors/orthopaedic-surgeon-and-joint-replacement-and-arthroscopic-surgery-specialist/lucknow/dr-sanjai-kumar-srivastava
India,Delhi,"Apollo Hospitals, Delhi",Orthopedic,"Dr M N Sehar",https://www.apollohospitals.com/doctors/orthopedician/delhi/dr-m-n-sehar
India,Kolkata,"Apollo Multispeciality Hospitals, EM Bypass, Kolkata",Orthopedic,"Dr Buddhadeb Chatterjee",https://www.apollohospitals.com/doctors/orthopedician/kolkata/dr-buddhadeb-chatterjee
India,Mumbai,"Apollo Hospitals, Mumbai",Orthopedic,"Dr Sanjay Dhar",https://www.apollohospitals.com/doctors/orthopedician/mumbai/dr-sanjay-dhar
India,Chennai,"Apollo Firstmed Hospital, Chennai",Orthopedic,"Dr T Jayamoorthy",https://www.apollohospitals.com/doctors/orthopedician/chennai/dr-t-jayamoorthy
India,Trichy,"Apollo Speciality Hospitals, Trichy",Orthopedic,"Dr Balasubramanian K",https://www.apollohospitals.com/doctors/orthopedician/trichy/dr-balasubramanian-k
India,Bangalore,"Apollo Hospitals, Seshadripuram, Bangalore",Orthopedic,"Dr Thomas Joseph Kishen",https://www.apollohospitals.com/doctors/spine-surgeon/bangalore/dr-thomas-joseph-kishen
India,Visakhapatnam,"Apollo Hospitals Health City, Arilova, Vizag",Orthopedic,"Dr Indhukuri Satish Raju",https://www.apollohospitals.com/doctors/orthopedician/visakhapatnam/dr-indhukuri-satish-raju
India,Chennai,"Apollo Hospitals, Greams Road, Chennai",Orthopedic,"Dr Balaji Srinivasan",https://www.apollohospitals.com/doctors/orthopedician/chennai/dr-balaji-srinivasan
India,Visakhapatnam,"Apollo Hospitals Health City, Arilova, Vizag",Orthopedic,"Dr Abdul D Khan",https://www.apollohospitals.com/doctors/orthopedician/visakhapatnam/dr-abdul-d-khan
India,Chennai,"Apollo Hospitals, Greams Road, Chennai",Orthopedic,"Dr Praveen Kumar K L",https://www.apollohospitals.com/doctors/orthopedician/chennai/dr-praveen-kumar-k-l
India,Bangalore,"Apollo Hospitals, Bannerghatta Road, Bangalore",Orthopedic,"Dr Manish Samson",https://www.apollohospitals.com/doctors/orthopedician/bangalore/dr-manish-samson
India,Bangalore,"Apollo Hospitals, Seshadripuram, Bangalore",Orthopedic,"Dr Vasudev Prabhu",https://www.apollohospitals.com/doctors/orthopedician/bangalore/dr-vasudev-prabhu
India,Bhubaneswar,"Apollo Hospitals, Bhubaneswar",Orthopedic,"Dr Debabrata Padhy",https://www.apollohospitals.com/doctors/orthopedician/bhubaneswar/dr-debabrata-padhy
India,Kolkata,"Apollo Multispeciality Hospitals, EM Bypass, Kolkata",Orthopedic,"Dr Ranjan Kamilya",https://www.apollohospitals.com/doctors/orthopedician/kolkata/dr-ranjan-kamilya
India,Chennai,"Apollo Hospitals, Greams Road, Chennai",Orthopedic,"Dr Krishnamoorthy K",https://www.apollohospitals.com/doctors/orthopedician/chennai/dr-krishnamoorthy-k
India,Chennai,"Apollo Children's Hospital, Chennai",Orthopedic,"Dr Sankar R",https://www.apollohospitals.com/doctors/orthopedician/chennai/dr-sankar-r
India,Indore,"Apollo Hospitals, Indore",Orthopedic,"Dr Sunil Rajan",https://www.apollohospitals.com/doctors/orthopedician/indore/dr-sunil-rajan
India,Chennai,"Apollo Children's Hospital, Chennai",Orthopedic,"Dr Gopinath Menon",https://www.apollohospitals.com/doctors/orthopedician/chennai/dr-gopinath-menon
India,Indore,"Apollo Hospitals, Indore",Orthopedic,"Dr Pankaj Vyas",https://www.apollohospitals.com/doctors/orthopedician/indore/dr-pankaj-vyas
India,Hyderabad,"Apollo Health City, Jubilee Hills, Hyderabad",Orthopedic,"Dr Balavardhan Reddy",https://www.apollohospitals.com/doctors/orthopedician/hyderabad/dr-balavardhan-reddy
India,Kolkata,"Apollo Multispeciality Hospitals, EM Bypass, Kolkata",Orthopedic,"Dr Tathagatha Das",https://www.apollohospitals.com/doctors/orthopedician/kolkata/dr-tathagatha-das
India,Chennai,"Apollo Hospitals, Greams Road, Chennai",Orthopedic,"Dr Rajasekar P",https://www.apollohospitals.com/doctors/orthopedician/chennai/dr-rajasekar-p
India,Chennai,"Apollo Speciality Hospitals, OMR, Chennai",Orthopedic,"Dr Thiruvengita Prasad",https://www.apollohospitals.com/doctors/orthopedician/chennai/dr-thiruvengita-prasad
India,Hyderabad,"Apollo Hospitals, DRDO, Kanchanbagh, Hyderabad",Orthopedic,"Dr Chintapeta Ravi",https://www.apollohospitals.com/doctors/orthopedician/hyderabad/dr-chintapeta-ravi
India,Indore,"Apollo Hospitals, Indore",Orthopedic,"Dr Avinash Benjamin",https://www.apollohospitals.com/doctors/orthopedician/indore/dr-avinash-benjamin
India,Chennai,"Apollo Speciality Hospitals, OMR, Chennai",Orthopedic,"Dr Venkataramanan Swaminathan",https://www.apollohospitals.com/doctors/orthopedician/chennai/dr-venkataramanan-swaminathan
India,Guwahati,"Apollo Hospitals, Guwahati",Orthopedic,"Dr Chandan Nag Choudhury",https://www.apollohospitals.com/doctors/orthopedician/guwahati/dr-chandan-nag-choudhury
India,Bangalore,"Apollo Hospitals, Bannerghatta Road, Bangalore",Orthopedic,"Dr Rajashekhar K T",https://www.apollohospitals.com/doctors/orthopedician/bangalore/dr-rajashekhar-k-t
India,Kakinada,"Apollo Hospitals, Kakinada",Orthopedic,"Dr Partha Pratim Chatterjee",https://www.apollohospitals.com/doctors/orthopedician/kakinada/dr-chatterjee-partha-pratim
India,Nashik,"Apollo Hospitals, Nashik",Orthopedic,"Dr Anil Jadav",https://www.apollohospitals.com/doctors/orthopedician/nashik/dr-anil-jadav
India,Kolkata,"Apollo Multispeciality Hospitals, EM Bypass, Kolkata",Orthopedic,"Dr Manabendra Nath Basu Mallick",https://www.apollohospitals.com/doctors/orthopedician/kolkata/dr-manabendra-nath-basu-mallick
India,Mumbai,"Apollo Hospitals, Mumbai",Orthopedic,"Dr Siddhart Yadav",https://www.apollohospitals.com/doctors/orthopedician/mumbai/dr-siddhart-yadav
India,Aragonda,"Apollo Hospitals, Aragonda",Orthopedic,"Dr B Sreedhar",https://www.apollohospitals.com/doctors/orthopedician/aragonda/dr-b-sreedhar
India,Chennai,"Apollo Speciality Hospitals, OMR, Chennai",Orthopedic,"Dr Arun Kumar Ramanathan",https://www.apollohospitals.com/doctors/orthopedician/chennai/dr-arun-kumar-ramanathan
India,Chennai,"Apollo Hospitals, Greams Road, Chennai",Orthopedic,"Dr Arunachalam C T",https://www.apollohospitals.com/doctors/orthopedician/chennai/dr-arunachalam-c-t
India,Hyderabad,"Apollo Health City, Jubilee Hills, Hyderabad",Orthopedic,"Dr Krishna Reddy",https://www.apollohospitals.com/doctors/orthopedician/hyderabad/dr-krishna-reddy
India,Chennai,"Apollo Hospitals, Greams Road, Chennai",Orthopedic,"Dr Madhan Thiruvengada",https://www.apollohospitals.com/doctors/orthopedician/chennai/dr-madhan-thiruvengada
India,Bangalore,"Apollo Hospitals, Bannerghatta Road, Bangalore",Orthopedic,"Dr Raviraj A",https://www.apollohospitals.com/doctors/orthopedician/bangalore/dr-raviraj-a
India,Guwahati,"Apollo Hospitals, Guwahati",Orthopedic,"Dr Jay Deep Ghosh",https://www.apollohospitals.com/doctors/orthopedician/guwahati/dr-jay-deep-ghosh
India,Guwahati,"Apollo Hospitals, Guwahati",Orthopedic,"Dr Jayanta Madhab Saikia",https://www.apollohospitals.com/doctors/orthopaedic-surgeon/guwahati/dr-jayanta-madhab-saikia
India,Bangalore,"Apollo Speciality Hospital, Jayanagar, Bangalore",Orthopedic,"Dr Deepak Inamdar",https://www.apollohospitals.com/doctors/orthopedician/bangalore/dr-deepak-inamdar
India,Bilaspur,"Apollo Hospitals, Bilaspur",Orthopedic,"Dr Ashish Jaiswal",https://www.apollohospitals.com/doctors/orthopedician/bilaspur/dr-ashish-jaiswal
India,Mysore,"Apollo BGS Hospitals, Mysore",Orthopedic,"Dr Nitin Srichand",https://www.apollohospitals.com/doctors/orthopedician/mysore/dr-nitin-srichand
India,Chennai,"Apollo Hospitals, Greams Road, Chennai",Orthopedic,"Dr A Navaladi Shankar",https://www.apollohospitals.com/doctors/orthopedician/chennai/dr-a-navaladi-shankar
India,Chennai,"Apollo Speciality Hospitals, OMR, Chennai",Orthopedic,"Dr Senthil Kamalasekaran",https://www.apollohospitals.com/doctors/orthopedician/chennai/dr-senthil-kamalasekaran
India,Bangalore,"Apollo Hospitals, Bannerghatta Road, Bangalore",Orthopedic,"Dr Pradeep Kocheeppan",https://www.apollohospitals.com/doctors/orthopedician/bangalore/dr-pradeep-kocheeppan
India,Hyderabad,"Apollo Health City, Jubilee Hills, Hyderabad",Orthopedic,"Dr Karthik Pingle",https://www.apollohospitals.com/doctors/orthopedician/hyderabad/dr-karthik-pingle
India,Noida,"Apollo Hospitals Noida",Orthopedic,"Dr Rajiv Thukral",https://www.apollohospitals.com/doctors/orthopedician/noida/dr-rajiv-thukral
India,Noida,"Apollo Hospitals Noida",Orthopedic,"Dr Paras Bhat",https://www.apollohospitals.com/doctors/orthopedician/noida/dr-paras-bhat
India,Bilaspur,"Apollo Hospitals, Bilaspur",Orthopedic,"Dr Gouri Shankar Asati",https://www.apollohospitals.com/doctors/orthopedician/bilaspur/dr-gouri-shankar-asati
India,Pune,"Apollo Hospitals, Pune",Orthopedic,"Dr. Rajesh Parasnis - Best Orthopedic & Spine Surgeon in Pune",https://www.apollohospitals.com/doctors/orthopedic-spine-surgeon/pune/dr-rajesh-parasnis
India,Pune,"Apollo Hospitals, Pune",Orthopedic,"Dr Sameer Desai",https://www.apollohospitals.com/doctors/paediatric-orthopedic/pune/dr-sameer-desai
India,Delhi,"Apollo Hospitals, Delhi",Orthopedic,"Dr Havind Tandon",https://www.apollohospitals.com/doctors/orthopedician/delhi/dr-havind-tandon
India,Ahmedabad,"Apollo Hospitals International Ltd, Ahmedabad",Orthopedic,"Dr Daria Singh",https://www.apollohospitals.com/doctors/orthopaedics-and-joint-replacement-surgery/ahmedabad/dr-daria-singh
India,Kolkata,"Apollo Multispeciality Hospitals, EM Bypass, Kolkata",Orthopedic,"Dr Kushal Nag",https://www.apollohospitals.com/doctors/orthopedician/kolkata/dr-kushal-nag
India,Madurai,"Apollo Speciality Hospitals Madurai",Orthopedic,"Dr Rajapandian K",https://www.apollohospitals.com/doctors/orthopedician/madurai/dr-rajapandian-k
India,Guwahati,"Apollo Hospitals, Guwahati",Orthopedic,"Dr Mukesh Agarwal",https://www.apollohospitals.com/doctors/orthopedician/guwahati/dr-mukesh-agarwal
India,Chennai,"Apollo Hospitals, Greams Road, Chennai",Orthopedic,"Dr Ravi Venkatesan",https://www.apollohospitals.com/doctors/spine-surgeon/chennai/dr-ravi-venkatesan
India,Chennai,"Apollo Speciality Hospitals, Vanagaram, Chennai",Orthopedic,"Dr Ranjith Reddy",https://www.apollohospitals.com/doctors/orthopedician/chennai/dr-ranjith-reddy
India,Bhubaneswar,"Apollo Hospitals, Bhubaneswar",Orthopedic,"Dr Sandeep Biswal",https://www.apollohospitals.com/doctors/orthopedician/bhubaneswar/dr-sandeep-biswal
India,Bangalore,"Apollo Hospitals, Bannerghatta Road, Bangalore",Orthopedic,"Dr Shashi Kumar H K",https://www.apollohospitals.com/doctors/orthopedician/bangalore/dr-shashi-kumar-h-k
India,Chennai,"Apollo Firstmed Hospital, Chennai",Orthopedic,"Dr Prabhakar Singh R",https://www.apollohospitals.com/doctors/orthopedician/chennai/dr-prabhakar-singh-r
India,Madurai,"Apollo Speciality Hospitals Madurai",Orthopedic,"Dr Alagappan M",https://www.apollohospitals.com/doctors/orthopedician/madurai/dr-alagappan-m
India,Hyderabad,"Apollo Health City, Jubilee Hills, Hyderabad",Orthopedic,"Dr Bhanu Prakash Reddy Rachamallu",https://www.apollohospitals.com/doctors/orthopedician/hyderabad/dr-bhanu-prakash-reddy-rachamallu
India,Chennai,"Apollo Speciality Hospitals, OMR, Chennai",Orthopedic,"Dr Damodaran P R",https://www.apollohospitals.com/doctors/orthopedician/chennai/dr-damodaran-p-r
India,Trichy,"Apollo Speciality Hospitals, Trichy",Orthopedic,"Dr Arun Geethayan R",https://www.apollohospitals.com/doctors/orthopedician/trichy/dr-arun-geethayan-r
India,Chennai,"Apollo Speciality Hospitals, Teynampet, Chennai",Orthopedic,"Dr Appaji Krishnan K",https://www.apollohospitals.com/doctors/orthopaedic-surgeon/chennai/dr-appaji-krishnan-k
India,Chennai,"Apollo Hospitals, Greams Road, Chennai",Orthopedic,"Dr Kosygan K P",https://www.apollohospitals.com/doctors/orthopedician/chennai/dr-kosygan-k-p
India,Hyderabad,"Apollo Health City, Jubilee Hills, Hyderabad",Orthopedic,"Dr. Ratnakar Rao K",https://www.apollohospitals.com/doctors/orthopedician/hyderabad/dr-ratnakar-rao-k
India,Guwahati,"Apollo Hospitals, Guwahati",Orthopedic,"Dr Chetan Kabra",https://www.apollohospitals.com/doctors/orthopedician/guwahati/dr-chetan-kabra
India,Cochin,"Apollo Adlux Hospital, Cochin",Orthopedic,"Dr Prince Shanavas Khan",https://www.apollohospitals.com/doctors/orthopedician/cochin/dr-prince-shanavas-khan
India,Delhi,"Apollo Hospitals, Delhi",Orthopedic,"Dr Masood Habib",https://www.apollohospitals.com/doctors/orthopedician/delhi/dr-masood-habib
India,Pune,"Apollo Hospitals, Pune",Orthopedic,"Dr Qaedjohar Dhariwala",https://www.apollohospitals.com/doctors/orthopedician/pune/dr-qaedjohar-dhariwala
India,Guwahati,"Apollo Excelcare, Guwahati",Orthopedic,"Dr Bikash Bordoloi",https://www.apollohospitals.com/doctors/orthopedician/guwahati/dr-bikash-bordoloi
India,Hyderabad,"Apollo Hospitals, Hyderguda, Hyderabad",Orthopedic,"Dr Preshith Gaddam",https://www.apollohospitals.com/doctors/orthopedician/hyderabad/dr-preshith-gaddam
India,Hyderabad,"Apollo Health City, Jubilee Hills, Hyderabad",Orthopedic,"Dr Pereddy Somashekara Reddy",https://www.apollohospitals.com/doctors/orthopedician/hyderabad/dr-pereddy-somashekara-reddy
India,Hyderabad,"Apollo Hospitals, Financial District",Orthopedic,"Dr Amith Reddy",https://www.apollohospitals.com/doctors/orthopaedic-surgeon/hyderabad/dr-amith-reddy
India,Noida,"Apollo Hospitals Noida",Orthopedic,"Dr Vikas J Seth",https://www.apollohospitals.com/doctors/orthopedician/noida/dr-vikas-j-seth
India,Cochin,"Apollo Adlux Hospital, Cochin",Orthopedic,"Dr Ajayakumar T",https://www.apollohospitals.com/doctors/orthopedician/cochin/dr-ajayakumar-t
India,Madurai,"Apollo Speciality Hospitals Madurai",Orthopedic,"Dr John Edmund Benny T",https://www.apollohospitals.com/doctors/orthopedician/madurai/dr-john-edmund-benny-t
India,Chennai,"Apollo Hospitals, Greams Road, Chennai",Orthopedic,"Dr Rakesh Shetty",https://www.apollohospitals.com/doctors/orthopedician/chennai/dr-rakesh-shetty
India,Bhubaneswar,"Apollo Hospitals, Bhubaneswar",Orthopedic,"Dr Akshaya Kumar Sahoo",https://www.apollohospitals.com/doctors/orthopedician/bhubaneswar/dr-akshaya-kumar-sahoo
India,Chennai,"Apollo Children's Hospital, Chennai",Orthopedic,"Dr Clington Justin Fernando",https://www.apollohospitals.com/doctors/orthopedician/chennai/dr-clington-justin-fernando
India,Chennai,"Apollo Heart Centre, Chennai",Orthopedic,"Dr Clington Fernando",https://www.apollohospitals.com/doctors/orthopedician/chennai/dr-clington-fernando
India,Hyderabad,"Apollo Hospitals, Financial District",Orthopedic,"Dr Nitish Bhan",https://www.apollohospitals.com/doctors/orthopaedic-surgeon/hyderabad/dr-nitish-bhan
India,Visakhapatnam,"Apollo Hospitals Health City, Arilova, Vizag",Orthopedic,"Dr Naveen Palla",https://www.apollohospitals.com/doctors/orthopedician/visakhapatnam/dr-naveen-palla
India,Bangalore,"Apollo Hospitals Sarjapur Road, Bangalore",Orthopedic,"Dr Pavan Chebbi",https://www.apollohospitals.com/doctors/orthopedician/bangalore/dr-pavan-chebbi
India,Bangalore,"Apollo Hospitals Sarjapur Road, Bangalore",Orthopedic,"Dr Naveen Gowda",https://www.apollohospitals.com/doctors/orthopedician/bangalore/dr-naveen-gowda
India,Noida,"Apollo Hospitals Noida",Orthopedic,"Dr Pankaj Kumar",https://www.apollohospitals.com/doctors/orthopedician/noida/dr-pankaj-kumar
India,Visakhapatnam,"Apollo Hospitals Ramnagar, Vizag",Orthopedic,"Dr B Murali Krishna",https://www.apollohospitals.com/doctors/orthopedician/visakhapatnam/dr-b-murali-krishna
India,Delhi,"Apollo Hospitals, Delhi",Orthopedic,"Dr Vibhu Bahl",https://www.apollohospitals.com/doctors/orthopedician/delhi/dr-vibhu-bahl
India,Kolkata,"Apollo Multispeciality Hospitals, EM Bypass, Kolkata",Orthopedic,"Dr Soham Ghosh",https://www.apollohospitals.com/doctors/orthopedician/kolkata/dr-soham-ghosh
India,Chennai,"Apollo Hospitals, Greams Road, Chennai",Orthopedic,"Dr Sivaraman B",https://www.apollohospitals.com/doctors/orthopedician/chennai/dr-sivaraman-b
India,Hyderabad,"Apollo Health City, Jubilee Hills, Hyderabad",Orthopedic,"Dr Varun Kommalapati",https://www.apollohospitals.com/doctors/orthopedician/hyderabad/dr-varun-kommalapati
India,Chennai,"Apollo Hospitals, Greams Road, Chennai",Orthopedic,"Dr Imtiaz Ghani",https://www.apollohospitals.com/doctors/spine-surgeon/chennai/dr-imtiaz-ghani
India,Bangalore,"Apollo Hospitals, Bannerghatta Road, Bangalore",Orthopedic,"Dr Manohara Babu K V",https://www.apollohospitals.com/doctors/pediatric-orthopaedician/bangalore/dr-manohara-babu-k-v
India,Hyderabad,"Apollo Health City, Jubilee Hills, Hyderabad",Orthopedic,"Dr Kaushik Reddy",https://www.apollohospitals.com/doctors/orthopedics-and-sports-medicine/hyderabad/dr-kaushik-reddy
India,Hyderabad,"Apollo Hospitals, Secunderabad, Hyderabad",Orthopedic,"Dr Mithin Aachi",https://www.apollohospitals.com/doctors/orthopedician/hyderabad/dr-mithin-aachi
India,Hyderabad,"Apollo Health City, Jubilee Hills, Hyderabad",Orthopedic,"Dr A Mohan Krishna",https://www.apollohospitals.com/doctors/orthopedician/hyderabad/dr-a-mohan-krishna
India,Chennai,"Apollo Hospitals, Greams Road, Chennai",Orthopedic,"Dr Arun Kannan",https://www.apollohospitals.com/doctors/orthopedician/chennai/dr-arun-kannan
India,Delhi,"Apollo Hospitals, Delhi",Orthopedic,"Dr Prof Amit Kumar Agarwal",https://www.apollohospitals.com/doctors/orthopedician/delhi/dr-prof-amit-kumar-agarwal
India,Bangalore,"Apollo Speciality Hospital, Jayanagar, Bangalore",Orthopedic,"Dr Rahul Puri",https://www.apollohospitals.com/doctors/orthopedician/bangalore/dr-rahul-puri
India,Chennai,"Apollo Hospitals, Greams Road, Chennai",Orthopedic,"Dr Narendran Dasaraju",https://www.apollohospitals.com/doctors/orthopedician/chennai/dr-narendran-dasaraju
India,Chennai,"Apollo Hospitals, Greams Road, Chennai",Orthopedic,"Dr Vijay Kishore Kondreddy",https://www.apollohospitals.com/doctors/orthopedician/chennai/dr-vijay-kishore-kondreddy
India,Hyderabad,"Apollo Health City, Jubilee Hills, Hyderabad",Orthopedic,"Dr Byreddy Siva Reddy",https://www.apollohospitals.com/doctors/orthopedician/hyderabad/dr-byreddy-siva-reddy
India,Hyderabad,"Apollo Health City, Jubilee Hills, Hyderabad",Orthopedic,"Dr Gopinath Bandari (G. N. Bandari)",https://www.apollohospitals.com/doctors/orthopedician/hyderabad/dr-gopinath-bandari
India,Chennai,"Apollo Speciality Hospitals, OMR, Chennai",Orthopedic,"Dr Chetan Shashikant Pophale",https://www.apollohospitals.com/doctors/spine-surgeon/chennai/dr-chetan-shashikant-pophale
India,Mumbai,"Apollo Hospitals, Mumbai",Orthopedic,"Dr Deepak Gautam",https://www.apollohospitals.com/doctors/orthopedician/mumbai/dr-deepak-gautam
India,Mysore,"Apollo BGS Hospitals, Mysore",Orthopedic,"Dr Shreyas Alva",https://www.apollohospitals.com/doctors/orthopedician/mysore/dr-shreyas-alva
India,Indore,"Apollo Hospitals, Indore",Orthopedic,"Dr Rishi Gupta",https://www.apollohospitals.com/doctors/orthopedician/indore/dr-rishi-gupta
India,Chennai,"Apollo Hospitals, Greams Road, Chennai",Orthopedic,"Dr Senthil Kumar Durai",https://www.apollohospitals.com/doctors/orthopedician/chennai/dr-senthil-kumar-durai
India,Ahmedabad,"Apollo Hospitals International Ltd, Ahmedabad",Orthopedic,"Dr Krunal Soni",https://www.apollohospitals.com/doctors/orthopedician/ahmedabad/dr-krunal-soni
India,Pune,"Apollo Hospitals, Pune",Orthopedic,"Dr Abhishek Patil",https://www.apollohospitals.com/doctors/orthopedician/pune/dr-abhishek-patil
India,Delhi,"Apollo Hospitals, Delhi",Orthopedic,"Dr Vipul Vijay",https://www.apollohospitals.com/doctors/orthopedician/delhi/dr-vipul-vijay
India,Noida,"Apollo Hospitals Noida",Orthopedic,"Dr Priyank Gupta",https://www.apollohospitals.com/doctors/orthopedician/noida/dr-priyank-gupta
India,Chennai,"Apollo Firstmed Hospital, Chennai",Orthopedic,"Dr Suresh Kumar B C",https://www.apollohospitals.com/doctors/orthopedician/chennai/dr-suresh-kumar-b-c
India,Delhi,"Apollo Hospitals, Delhi",Orthopedic,"Dr Yashwanth Singh Tanwar",https://www.apollohospitals.com/doctors/orthopedician/delhi/dr-yashwanth-singh-tanwar
India,Chennai,"Apollo Speciality Hospitals, Vanagaram, Chennai",Orthopedic,"Dr Aghilavendan P",https://www.apollohospitals.com/doctors/orthopedician/chennai/dr-aghilavendan-p
India,Bangalore,"Apollo Hospitals, Bannerghatta Road, Bangalore",Orthopedic,"Dr Ajith Prabhu",https://www.apollohospitals.com/doctors/orthopedician/bangalore/dr-ajith-prabhu
India,Indore,"Apollo Hospitals, Indore",Orthopedic,"Dr Ashish Goyal",https://www.apollohospitals.com/doctors/orthopedician/indore/dr-ashish-goyal
India,Pune,"Apollo Hospitals, Pune",Orthopedic,"Dr Vijay Malshikare",https://www.apollohospitals.com/doctors/hand-surgery-and-limb-reconstructive-surgery/pune/dr-vijay-malshikare
India,Pune,"Apollo Hospitals, Pune",Orthopedic,"Dr Sujit Kadrekar",https://www.apollohospitals.com/doctors/orthopedician/pune/dr-sujit-kadrekar
India,Kolkata,"Apollo Multispeciality Hospitals, EM Bypass, Kolkata",Orthopedic,"Dr Soumen Kar",https://www.apollohospitals.com/doctors/orthopedician/kolkata/dr-soumen-kar
India,Bangalore,"Apollo Speciality Hospital, Jayanagar, Bangalore",Orthopedic,"Dr Sharath K R",https://www.apollohospitals.com/doctors/orthopedician/bangalore/dr-sharath-k-r
India,Hyderabad,"Apollo Health City, Jubilee Hills, Hyderabad",Orthopedic,"Dr Vivek Reddy M",https://www.apollohospitals.com/doctors/orthopedician/hyderabad/dr-vivek-reddy-m
India,Delhi,"Apollo Hospitals, Delhi",Orthopedic,"Dr Vikas P Birla",https://www.apollohospitals.com/doctors/orthopaedic-surgeon/delhi/dr-vikas-p-birla
India,Bangalore,"Apollo Speciality Hospital, Jayanagar, Bangalore",Orthopedic,"Dr Jagadish Prabhu",https://www.apollohospitals.com/doctors/orthopedician/bangalore/dr-jagadish-prabhu
India,Hyderabad,"Apollo Hospitals, Financial District",Orthopedic,"Dr Prashanth Reddy A",https://www.apollohospitals.com/doctors/orthopaedic-surgeon/hyderabad/dr-prashanth-reddy-a
India,Bangalore,"Apollo Hospitals Sarjapur Road, Bangalore",Orthopedic,"Dr Siva Sankar Reddy K",https://www.apollohospitals.com/doctors/orthopedician/bangalore/dr-siva-sankar-reddy-k
India,Kolkata,"Apollo Multispeciality Hospitals, EM Bypass, Kolkata",Orthopedic,"Dr Krishna Shankar Singh",https://www.apollohospitals.com/doctors/orthopedician/kolkata/dr-krishna-shankar-singh
India,Hyderabad,"Apollo Hospitals, Hyderguda, Hyderabad",Orthopedic,"Dr S R K Dikshith",https://www.apollohospitals.com/doctors/orthopedician/hyderabad/dr-s-r-k-dikshith
India,Delhi,"Apollo Hospitals, Delhi",Orthopedic,"Dr Abhishek Vaish",https://www.apollohospitals.com/doctors/orthopedician/delhi/dr-abhishek-vaish
India,Bangalore,"Apollo Hospitals, Seshadripuram, Bangalore",Orthopedic,"Dr Anjan A",https://www.apollohospitals.com/doctors/orthopedician/bangalore/dr-anjan-a
India,Nellore,"Apollo Specialty Hospitals, Nellore",Orthopedic,"Dr C Vivekananda Reddy",https://www.apollohospitals.com/doctors/orthopedician/nellore/dr-c-vivekananda-reddy
India,Chennai,"Apollo Speciality Hospitals, Vanagaram, Chennai",Orthopedic,"Dr Manivannan S",https://www.apollohospitals.com/doctors/orthopedician/chennai/dr-manivannans
India,Mumbai,"Apollo Hospitals, Mumbai",Orthopedic,"Dr Nitish Arora",https://www.apollohospitals.com/doctors/orthopedician/mumbai/dr-nitish-arora
India,Mumbai,"Apollo Hospitals, Mumbai",Orthopedic,"Dr Sharif Dudekula",https://www.apollohospitals.com/doctors/orthopedician/mumbai/dr-sharif-dudekula
India,Pune,"Apollo Hospitals, Pune",Orthopedic,"Dr Suhel Akhtar Khan",https://www.apollohospitals.com/doctors/orthopaedics-and-joint-replacement-surgery/pune/dr-suhel-akhtar-khan
India,Chennai,"Apollo Speciality Hospitals, Vanagaram, Chennai",Orthopedic,"Dr Muthu Manickam",https://www.apollohospitals.com/doctors/orthopedician/chennai/dr-muthu-manickam
India,Chennai,"Apollo Hospitals, Greams Road, Chennai",Orthopedic,"Dr Kunal Patel",https://www.apollohospitals.com/doctors/orthopedician/chennai/dr-kunal-patel
India,Noida,"Apollo Hospitals Noida",Orthopedic,"Dr Vipul Aggarwal",https://www.apollohospitals.com/doctors/orthopedician/noida/dr-vipul-aggarwal
India,Noida,"Apollo Hospitals Noida",Orthopedic,"Dr Vishal Srivastav",https://www.apollohospitals.com/doctors/orthopaedic-surgeon/noida/dr-vishal-srivastav
India,Delhi,"Apollo Hospitals, Delhi",Orthopedic,"Dr Himanshu Bhargava",https://www.apollohospitals.com/doctors/orthopedician/delhi/dr-himanshu-bhargava
India,Ahmedabad,"Apollo Hospitals International Ltd, Ahmedabad",Orthopedic,"Dr Jatin Vakhariya",https://www.apollohospitals.com/doctors/orthopedician/ahmedabad/dr-jatin-vakhariya
India,Pune,"Apollo Hospitals, Pune",Orthopedic,"Dr Kunal Bansal",https://www.apollohospitals.com/doctors/orthopaedic-surgeon/pune/dr-kunal-bansal
India,Bhopal,"Apollo Sage Hospitals",Orthopedic,"Dr Vivek Tiwari",https://www.apollohospitals.com/doctors/orthopedician/bhopal/dr-vivek-tiwari
India,Chennai,"Apollo Hospitals, Greams Road, Chennai",Orthopedic,"Dr Karthik Reddy Pammi",https://www.apollohospitals.com/doctors/orthopedician/chennai/dr-karthik-reddy-pammi
India,Chennai,"Apollo Speciality Hospitals, Vanagaram, Chennai",Orthopedic,"Dr Kanniraj Marimuthu",https://www.apollohospitals.com/doctors/orthopedician/chennai/dr-kanniraj-marimuthu
India,Bangalore,"Apollo Hospitals, Bannerghatta Road, Bangalore",Orthopedic,"Dr Vidhya Sagar",https://www.apollohospitals.com/doctors/orthopedician/bangalore/dr-vidhya-sagar
India,Hyderabad,"Apollo Hospitals, Secunderabad, Hyderabad",Orthopedic,"Dr Siddhartha Maredupaka",https://www.apollohospitals.com/doctors/orthopedician/hyderabad/dr-siddhartha-maredupaka
India,Trichy,"Apollo Speciality Hospitals, Trichy",Orthopedic,"Dr Udayamoorthy Subramani",https://www.apollohospitals.com/doctors/orthopaedics-and-traumatology-specialist/trichy/dr-udayamoorthy-subramani
India,Bangalore,"Apollo Hospitals, Bannerghatta Road, Bangalore",Orthopedic,"Dr Pramod K Sudarshan",https://www.apollohospitals.com/doctors/spine-surgeon/bangalore/dr-pramod-k-sudarshan
India,Hyderabad,"Apollo Health City, Jubilee Hills, Hyderabad",Orthopedic,"Dr Alla Sai Pranay",https://www.apollohospitals.com/doctors/orthopedician/hyderabad/dr-alla-pranay
India,Mysore,"Apollo BGS Hospitals, Mysore",Orthopedic,"Dr Jayavardhan Y B",https://www.apollohospitals.com/doctors/orthopedician/mysore/dr-jayavardhan-y-b
India,Bangalore,"Apollo Hospitals Sarjapur Road, Bangalore",Orthopedic,"Dr. Radhesh R Menon",https://www.apollohospitals.com/doctors/orthopedics/bangalore/dr-radhesh-r-menon
India,Mumbai,"Apollo Hospitals, Mumbai",Orthopedic,"Dr Irphan Shmshuddin Shaikh",https://www.apollohospitals.com/doctors/orthopaedics-and-joint-replacement-surgery/mumbai/dr-irphan-shmshuddin-shaikh
India,Visakhapatnam,"Apollo Hospitals Health City, Arilova, Vizag",Orthopedic,"Dr Karthik Paidi",https://www.apollohospitals.com/doctors/orthopaedics-joint-replacement-and-arthroscopic-surgeon/visakhapatnam/dr-karthik-paidi
India,Rourkela,"Apollo Super Speciality Hospital, Rourkela",Orthopedic,"Dr Barun Kumar Patel",https://www.apollohospitals.com/doctors/orthopedician/rourkela/dr-barun-kumar-patel
India,Bhopal,"Apollo Sage Hospitals",Orthopedic,"Dr Yugal Varandani",https://www.apollohospitals.com/doctors/orthopedician/bhopal/dr-yugal-varandani
India,Pune,"Apollo Hospitals, Pune",Orthopedic,"Dr Nishit Shah",https://www.apollohospitals.com/doctors/orthopedician/pune/dr-nishit-shah
India,Ahmedabad,"Apollo Hospitals International Ltd, Ahmedabad",Orthopedic,"Dr Deval Pancholi",https://www.apollohospitals.com/doctors/orthopedician/ahmedabad/dr-deval-pancholi
India,Pune,"Apollo Hospitals, Pune",Orthopedic,"Dr Shyam Thakkar",https://www.apollohospitals.com/doctors/orthopedician/pune/dr-shyam-thakkar
India,Hyderabad,"Apollo Health City, Jubilee Hills, Hyderabad",Orthopedic,"Dr Kiran Varma Uddaraju",https://www.apollohospitals.com/doctors/orthopedician/hyderabad/dr-kiran-varma-uddaraju
India,Nellore,"Apollo Specialty Hospitals, Nellore",Orthopedic,"Dr M Sasidhar Reddy",https://www.apollohospitals.com/doctors/orthopedician/nellore/dr-m-sasidhar-reddy
India,Hyderabad,"Apollo Health City, Jubilee Hills, Hyderabad",Orthopedic,"Dr Prashant Meshram",https://www.apollohospitals.com/doctors/orthopedics-shoulder-surgery/hyderabad/dr-prashant-meshram
India,Hyderabad,"Apollo Health City, Jubilee Hills, Hyderabad",Orthopedic,"Dr Raviteja Reddy Karumuri",https://www.apollohospitals.com/doctors/orthopaedic-surgeon/hyderabad/dr-raviteja-reddy-karumuri
India,Mumbai,"Apollo Hospitals, Mumbai",Orthopedic,"Dr Sameer Chaudhari",https://www.apollohospitals.com/doctors/orthopedician/mumbai/dr-sameer-chaudhari
India,Lucknow,"Apollo Hospitals Lucknow",Orthopedic,"Dr Kamal Kishor Gupta",https://www.apollohospitals.com/doctors/orthopaedics-joint-replacement-and-arthroscopic-surgeon/lucknow/dr-kamal-kishor-gupta
India,Hyderabad,"Apollo Hospitals, Hyderguda, Hyderabad",Orthopedic,"Dr M N Amarnath",https://www.apollohospitals.com/doctors/orthopedician/hyderabad/dr-m-n-amarnath
India,Chennai,"Apollo Hospitals, Greams Road, Chennai",Orthopedic,"Dr Gandhi Niraj Bharat",https://www.apollohospitals.com/doctors/orthopedician/chennai/dr-gandhi-niraj-bharat
India,Ahmedabad,"Apollo Hospitals International Ltd, Ahmedabad",Orthopedic,"Dr Mahipat Parmar",https://www.apollohospitals.com/doctors/orthopedician/ahmedabad/dr-mahipat-parmar
India,Chennai,"Apollo Firstmed Hospital, Chennai",Orthopedic,"Dr S N Lokesh Kumar",https://www.apollohospitals.com/doctors/orthopedician/chennai/dr-s-n-lokesh-kumar
India,Hyderabad,"Apollo Health City, Jubilee Hills, Hyderabad",Orthopedic,"Dr Krishna Bhargava Vem",https://www.apollohospitals.com/doctors/orthopaedic-surgeon/hyderabad/dr-krishna-bhargava-vem
India,Hyderabad,"Apollo Hospitals, Financial District",Orthopedic,"Dr B Harsha Vardhana Reddy",https://www.apollohospitals.com/doctors/orthopaedic-surgeon/hyderabad/dr-b-harsha-vardhana-reddy
India,Hyderabad,"Apollo Health City, Jubilee Hills, Hyderabad",Orthopedic,"Dr Vamsi krishna Mundluru",https://www.apollohospitals.com/doctors/orthopedician/hyderabad/dr-vamsi-krishna-mundluru
India,Warangal,"Apollo Reach N S R Hospital, Warangal, Hyderabad",Orthopedic,"Dr Shaik Md Waseem Ahmed",https://www.apollohospitals.com/doctors/orthopedician/warangal/dr-shaik-md-waseem-ahmed
India,Nashik,"Apollo Hospitals, Nashik",Orthopedic,"Dr Bhushan Deshmukh",https://www.apollohospitals.com/doctors/orthopedician/nashik/dr-bhushan-deshmukh
India,Bilaspur,"Apollo Hospitals, Bilaspur",Orthopedic,"Dr Swayam Prakash Tripathy",https://www.apollohospitals.com/doctors/pediatric-orthopaedician/bilaspur/dr-swayam-prakash-tripathy
India,Hyderabad,"Apollo Hospitals, Financial District",Orthopedic,"Dr. Madhava Rao Nekkanti",https://www.apollohospitals.com/doctors/orthopedician/hyderabad/dr-madhava-rao-nekkanti-s-k
India,Visakhapatnam,"Apollo Hospitals Health City, Arilova, Vizag",Orthopedic,"Dr Ravi Teja Boddapalli",https://www.apollohospitals.com/doctors/orthopedician/visakhapatnam/dr-ravi-teja-boddapalli
India,Delhi,"Apollo Hospitals, Delhi",Orthopedic,"Dr Anoop Bandil",https://www.apollohospitals.com/doctors/orthopedician/delhi/dr-anoop-bandil
India,Hyderabad,"Apollo Hospitals, Financial District",Orthopedic,"Dr Ravi Teja Rudraraju",https://www.apollohospitals.com/doctors/orthopedics-and-sports-medicine/hyderabad/dr-ravi-teja-rudraraju
India,Mumbai,"Apollo Hospitals, Mumbai",Orthopedic,"Dr Agnivesh Tikoo",https://www.apollohospitals.com/doctors/orthopedician/mumbai/dr-agnivesh-tikoo
India,Chennai,"Apollo Hospitals, Greams Road, Chennai",Orthopedic,"Dr P Karthik Anand",https://www.apollohospitals.com/doctors/orthopedician/chennai/dr-p-karthik-anand
India,Mumbai,"Apollo Hospitals, Mumbai",Orthopedic,"Dr Burhan Salim Siamwala",https://www.apollohospitals.com/doctors/orthopedician/mumbai/dr-burhan-salim-siamwala
India,Lucknow,"Apollo Hospitals Lucknow",Orthopedic,"Dr Deepankar Mishra",https://www.apollohospitals.com/doctors/orthopaedics-and-joint-replacement-surgery/lucknow/dr-deepankar-mishra
India,Kolkata,"Apollo Multispeciality Hospitals, EM Bypass, Kolkata",Orthopedic,"Dr Ranadip Rudra",https://www.apollohospitals.com/doctors/orthopedician/kolkata/dr-ranadip-rudra
India,Indore,"Apollo Hospitals, Indore",Orthopedic,"Dr Sparsh Jaiswal",https://www.apollohospitals.com/doctors/orthopedic-spine-and-nerve-modulation/indore/dr-sparsh-jaiswal
India,Bangalore,"Apollo Speciality Hospital, Jayanagar, Bangalore",Orthopedic,"Dr Venkatdeep Mohan",https://www.apollohospitals.com/doctors/orthopedician/bangalore/dr-venkatdeep-mohan
India,Bangalore,"Apollo Hospitals, Bannerghatta Road, Bangalore",Orthopedic,"Dr Abhishekar Sugumar K",https://www.apollohospitals.com/doctors/orthopedician/bangalore/dr-abhishekar-sugumar-k
India,Bhubaneswar,"Apollo Hospitals, Bhubaneswar",Orthopedic,"Dr Vaibhav Mohanty",https://www.apollohospitals.com/doctors/foot-ankle-surgeon/bhubaneswar/dr-vaibhav-mohanty
India,Chennai,"Apollo Children's Hospital, Chennai",Orthopedic,"Dr Lokesh Sharma",https://www.apollohospitals.com/doctors/paediatric-orthopedic/chennai/dr-lokesh-sharma
India,Chennai,"Apollo Firstmed Hospital, Chennai",Orthopedic,"Dr Praveen Govardhan",https://www.apollohospitals.com/doctors/orthopedician/chennai/dr-praveen-govardhan
India,Visakhapatnam,"Apollo Hospitals Health City, Arilova, Vizag",Orthopedic,"Dr Hemanth Praveen Malla",https://www.apollohospitals.com/doctors/orthopedician/visakhapatnam/dr-hemanth-praveen-malla
India,Ahmedabad,"Apollo Hospitals International Ltd, Ahmedabad",Orthopedic,"Dr Chitresh Mehta",https://www.apollohospitals.com/doctors/orthopedician/ahmedabad/dr-chitresh-mehta
India,Guwahati,"Apollo Excelcare, Guwahati",Orthopedic,"Dr Krishanu Kakati",https://www.apollohospitals.com/doctors/orthopedician/guwahati/dr-krishanu-kakati
India,Guwahati,"Apollo Excelcare, Guwahati",Orthopedic,"Dr Abhay Agarwal",https://www.apollohospitals.com/doctors/orthopedician/guwahati/dr-abhay-agarwal
India,Kolkata,"Apollo Multispeciality Hospitals, EM Bypass, Kolkata",Orthopedic,"Dr Indranil Pal",https://www.apollohospitals.com/doctors/orthopedician/kolkata/dr-indranil-pal
India,Chennai,"Apollo Speciality Hospitals, Vanagaram, Chennai",Orthopedic,"Dr A VINOTH",https://www.apollohospitals.com/doctors/orthopedician/chennai/dr-a-vinoth
India,Bangalore,"Apollo Hospitals, Seshadripuram, Bangalore",Orthopedic,"Dr. Raj Kumar Pannem",https://www.apollohospitals.com/doctors/neurosurgeon/bangalore/dr-raj-kumar-pannem
India,Bhopal,"Apollo Sage Hospitals",Orthopedic,"Dr Mayank Sharma",https://www.apollohospitals.com/doctors/orthopedician/bhopal/dr-mayank-sharma
India,Cochin,"Apollo Adlux Hospital, Cochin",Orthopedic,"Dr Aravind P Vijayan",https://www.apollohospitals.com/doctors/orthopedician/cochin/dr-aravind-p-vijayan
India,Cochin,"Apollo Adlux Hospital, Cochin",Orthopedic,"Dr Arvind P Vijayan",https://www.apollohospitals.com/doctors/orthopedician/cochin/dr-arvind-p-vijayan
India,Guwahati,"Apollo Excelcare, Guwahati",Orthopedic,"Dr Parag Brahma",https://www.apollohospitals.com/doctors/orthopedician/guwahati/dr-parag-brahma
India,Hyderabad,"Apollo Hospitals, Hyderguda, Hyderabad",Orthopedic,"Dr Siddharth Potluri",https://www.apollohospitals.com/doctors/orthopedician/hyderabad/dr-siddharth-potluri
India,Rourkela,"Apollo Super Speciality Hospital, Rourkela",Orthopedic,"Dr Avinash Choudhary",https://www.apollohospitals.com/doctors/orthopedician/rourkela/dr-avinash-choudhary
India,Pune,"Apollo Hospitals, Pune",Orthopedic,"Dr Ameya Katariya",https://www.apollohospitals.com/doctors/orthopedician/pune/dr-ameya-katariya
India,"Karim Nagar","Apollo Reach Hospital Karimnagar, Hyderabad",Orthopedic,"Dr Iftekar Ali Mohammed",https://www.apollohospitals.com/doctors/orthopedician/karim-nagar/dr-iftekar-ali-mohammed
India,Hyderabad,"Apollo Health City, Jubilee Hills, Hyderabad",Orthopedic,"Dr Bandi Sahithya",https://www.apollohospitals.com/doctors/hand-surgery-and-limb-reconstructive-surgery/hyderabad/dr-bandi-sahithya
India,Bangalore,"Apollo Speciality Hospital, Jayanagar, Bangalore",Orthopedic,"Dr Anika Sait",https://www.apollohospitals.com/doctors/orthopedician/bangalore/dr-anika-sait
India,Bangalore,"Apollo Speciality Hospital, Jayanagar, Bangalore",Orthopedic,"Dr Deepthi K N",https://www.apollohospitals.com/doctors/orthopedician/bangalore/dr-deepthi-k-n
India,Nellore,"Apollo Specialty Hospitals, Nellore",Orthopedic,"Dr Cheemala Vikram Reddy",https://www.apollohospitals.com/doctors/orthopedician/nellore/dr-cheemala-vikram-reddy
India,Bangalore,"Apollo Speciality Hospital, Jayanagar, Bangalore",Orthopedic,"Dr Aarpith Kamath",https://www.apollohospitals.com/doctors/orthopedician/bangalore/dr-aarpith-kamath
India,Ahmedabad,"Apollo Hospitals International Ltd, Ahmedabad",Orthopedic,"Dr Kunal Khara",https://www.apollohospitals.com/doctors/orthopedics-and-sports-medicine/ahmedabad/dr-kunal-khara
India,Noida,"Apollo Hospitals Noida",Orthopedic,"Dr Durgesh Singh",https://www.apollohospitals.com/doctors/orthopedician/noida/dr-durgesh-singh
India,Bhopal,"Apollo Sage Hospitals",Orthopedic,"Dr Chetan Singh Dhosariya",https://www.apollohospitals.com/doctors/orthopedician/bhopal/dr-chetan-singh-dhosariya
India,Bilaspur,"Apollo Hospitals, Bilaspur",Orthopedic,"Dr Suryansh Nema",https://www.apollohospitals.com/doctors/orthopedician/bilaspur/dr-suryansh-nema
India,Lucknow,"Apollo Hospitals Lucknow",Orthopedic,"Dr Saad Mohammad",https://www.apollohospitals.com/doctors/orthopaedics-and-joint-replacement-surgery/lucknow/dr-saad-mohammad
India,Mysore,"Apollo BGS Hospitals, Mysore",Orthopedic,"Dr Sindhu B",https://www.apollohospitals.com/doctors/orthopaedics/mysore/dr-sindhu-b
India,Hyderabad,"Apollo Health City, Jubilee Hills, Hyderabad",Orthopedic,"Dr Dayakar Babu Jakkula",https://www.apollohospitals.com/doctors/orthopedician/hyderabad/dr-dayakar-babu-jakkula
India,Bangalore,"Apollo Hospitals, Seshadripuram, Bangalore",Orthopedic,"Dr Preksha Vijay",https://www.apollohospitals.com/doctors/orthopedician/bangalore/dr-preksha-vijay
India,Karaikudi,"Apollo Reach Hospital, Karaikudi",Orthopedic,"Dr Muthamil Selvan K",https://www.apollohospitals.com/doctors/orthopaedic-surgeon/karaikudi/dr-muthamil-selvan-k
India,Karaikudi,"Apollo Reach Hospital, Karaikudi",Orthopedic,"Dr Velarasan K",https://www.apollohospitals.com/doctors/orthopaedic-surgeon/karaikudi/dr-velarasan-k
India,Delhi,"Apollo Hospitals, Delhi",Neurology,"Dr Ravi Bhatia",https://www.apollohospitals.com/doctors/neurosurgeon/delhi/dr-ravi-bhatia
India,Hyderabad,"Apollo Health City, Jubilee Hills, Hyderabad",Neurology,"Dr Subhashini Prabhakar",https://www.apollohospitals.com/doctors/neurologist/hyderabad/dr-subhashini-prabhakar
India,Bangalore,"Apollo Speciality Hospital, Jayanagar, Bangalore",Neurology,"Dr Satishchandra P",https://www.apollohospitals.com/doctors/neurologist/bangalore/dr-satishchandra-p
India,Delhi,"Apollo Hospitals, Delhi",Neurology,"Dr Rakesh Agarwal",https://www.apollohospitals.com/doctors/neurologist/delhi/dr-rakesh-agarwal
India,Chennai,"Apollo Heart Centre, Chennai",Neurology,"Dr Panneer A",https://www.apollohospitals.com/doctors/neurologist/chennai/dr-panneer-a
India,Hyderabad,"Apollo Health City, Jubilee Hills, Hyderabad",Neurology,"Dr Raghava Dutt Mulukutla",https://www.apollohospitals.com/doctors/spine-surgeon/hyderabad/dr-raghava-dutt-mulukutla
India,Delhi,"Apollo Hospitals, Delhi",Neurology,"Dr Pushpendra Nath Renjen",https://www.apollohospitals.com/doctors/neurologist/delhi/dr-pushpendra-nath-renjen
India,Delhi,"Apollo Hospitals, Delhi",Neurology,"Dr Rajendra Prasad",https://www.apollohospitals.com/doctors/neurosurgeon/delhi/dr-rajendra-prasad
India,Lucknow,"Apollo Hospitals Lucknow",Neurology,"Dr Gopal Poduval",https://www.apollohospitals.com/doctors/neurologist/lucknow/dr-gopal-poduval
India,Bangalore,"Apollo Speciality Hospital, Jayanagar, Bangalore",Neurology,"Dr Dilip Gopalakrishnan",https://www.apollohospitals.com/doctors/brain-and-spine-surgeon/bangalore/dr-dilip-gopalakrishnan
India,Delhi,"Apollo Hospitals, Delhi",Neurology,"Dr Sogani Shani Kumar",https://www.apollohospitals.com/doctors/neurosurgeon/delhi/dr-sogani-shani-kumar
India,Kolkata,"Apollo Multispeciality Hospitals, EM Bypass, Kolkata",Neurology,"Dr B K Singhania",https://www.apollohospitals.com/doctors/neurosurgeon/kolkata/dr-b-k-singhania
India,Bangalore,"Apollo Speciality Hospital, Jayanagar, Bangalore",Neurology,"Dr Krishna K N",https://www.apollohospitals.com/doctors/brain-and-spine-surgeon/bangalore/dr-krishna-k-n
India,Chennai,"Apollo Speciality Hospitals, Teynampet, Chennai",Neurology,"Dr R M Bhoopathy",https://www.apollohospitals.com/doctors/neurologist/chennai/dr-r-m-bhoopathy
India,Bangalore,"Apollo Hospitals, Bannerghatta Road, Bangalore",Neurology,"Dr Satish Satyanarayana",https://www.apollohospitals.com/doctors/neurosurgeon/bangalore/dr-satish-satyanarayana
India,Chennai,"Apollo Hospitals, Greams Road, Chennai",Neurology,"Dr Dhanaraj M",https://www.apollohospitals.com/doctors/neurologist/chennai/dr-dhanaraj-m
India,Chennai,"Apollo Proton Cancer Centre, Chennai",Neurology,"Dr Ari G Chacko",https://www.apollohospitals.com/doctors/neurosurgeon/chennai/dr-ari-g-chacko
India,Chennai,"Apollo Hospitals, Greams Road, Chennai",Neurology,"Dr Geetha Lakshmipathy",https://www.apollohospitals.com/doctors/neurologist/chennai/dr-geetha-lakshmipathy
India,Delhi,"Apollo Hospitals, Delhi",Neurology,"Dr Sudheer Kumar Tyagi",https://www.apollohospitals.com/doctors/neurosurgeon/delhi/dr-sudheer-kumar-tyagi
India,Chennai,"Apollo Hospitals, Greams Road, Chennai",Neurology,"Dr Sridharan Ramaratnam",https://www.apollohospitals.com/doctors/neurologist/chennai/dr-sridharan-ramaratnam
India,Delhi,"Apollo Hospitals, Delhi",Neurology,"Dr Mukul Varma",https://www.apollohospitals.com/doctors/neurologist/delhi/dr-mukul-varma
India,Ahmedabad,"Apollo Hospitals International Ltd, Ahmedabad",Neurology,"Dr Sucheta Mudgerikar",https://www.apollohospitals.com/doctors/neurologist/ahmedabad/dr-sucheta-mudgerikar
India,Kolkata,"Apollo Multispeciality Hospitals, EM Bypass, Kolkata",Neurology,"Dr S N Singh",https://www.apollohospitals.com/doctors/neurosurgeon/kolkata/dr-s-n-singh
India,Kolkata,"Apollo Multispeciality Hospitals, EM Bypass, Kolkata",Neurology,"Dr Prashant Baid",https://www.apollohospitals.com/doctors/spine-surgeon/kolkata/dr-prashant-baid
India,Chennai,"Apollo Hospitals, Greams Road, Chennai",Neurology,"Dr M Balamurugan",https://www.apollohospitals.com/doctors/neurosurgeon/chennai/dr-m-balamurugan
India,Chennai,"Apollo Hospitals, Greams Road, Chennai",Neurology,"Dr Rajendran S",https://www.apollohospitals.com/doctors/neurologist/chennai/dr-rajendran-s
India,Chennai,"Apollo Speciality Hospitals, Teynampet, Chennai",Neurology,"Dr Siddhartha Ghosh",https://www.apollohospitals.com/doctors/neurosurgeon/chennai/dr-siddhartha-ghosh
India,Indore,"Apollo Hospitals, Indore",Neurology,"Dr Abhay Bhagwat",https://www.apollohospitals.com/doctors/neurologist/indore/dr-abhay-bhagwat
India,Chennai,"Apollo Speciality Hospitals, Teynampet, Chennai",Neurology,"Dr Balamurugan M",https://www.apollohospitals.com/doctors/neurosurgeon/chennai/dr-balamurugan-m
India,Chennai,"Apollo Speciality Hospitals, Teynampet, Chennai",Neurology,"Dr Meenakshi Sundaram U",https://www.apollohospitals.com/doctors/neurologist/chennai/dr-meenakshisundaram-u
India,Bangalore,"Apollo Hospitals, Seshadripuram, Bangalore",Neurology,"Dr Jagadish B Agadi",https://www.apollohospitals.com/doctors/neurologist/bangalore/dr-jagadish-b-agadi
India,Visakhapatnam,"Apollo Hospitals Health City, Arilova, Vizag",Neurology,"Dr M Madhusudhana Babu",https://www.apollohospitals.com/doctors/neurologist/visakhapatnam/dr-m-madhusudhana-babu
India,Bilaspur,"Apollo Hospitals, Bilaspur",Neurology,"Dr A Jayavelu",https://www.apollohospitals.com/doctors/neurologist/bilaspur/dr-a-jayavelu
India,Kolkata,"Apollo Multispeciality Hospitals, EM Bypass, Kolkata",Neurology,"Dr Amitabha Ghosh",https://www.apollohospitals.com/doctors/neurologist/kolkata/dr-amitabha-ghosh
India,Chennai,"Apollo Firstmed Hospital, Chennai",Neurology,"Dr Nithyanandam A",https://www.apollohospitals.com/doctors/neurologist/chennai/dr-nithyanandam-a
India,Chennai,"Apollo Children's Hospital, Chennai",Neurology,"Dr Viswanathan V",https://www.apollohospitals.com/doctors/paediatric-neurologist/chennai/dr-viswanathan-v
India,Delhi,"Apollo Hospitals, Delhi",Neurology,"Dr Vinit Suri",https://www.apollohospitals.com/doctors/neurologist/delhi/dr-vinit-suri
India,Guwahati,"Apollo Hospitals, Guwahati",Neurology,"Dr Radhika Ranjan Das",https://www.apollohospitals.com/doctors/neurologist/guwahati/dr-radhika-ranjan-das
India,Hyderabad,"Apollo Hospitals, Hyderguda, Hyderabad",Neurology,"Dr N Manohar Reddy",https://www.apollohospitals.com/doctors/neurosurgeon/hyderabad/dr-n-manohar-reddy
India,Lucknow,"Apollo Hospitals Lucknow",Neurology,"Prof (Dr) Chhitij Srivastava",https://www.apollohospitals.com/doctors/neuro-surgeon/lucknow/dr-chhitij-srivastava
India,Indore,"Apollo Hospitals, Indore",Neurology,"Dr Subodh Jain",https://www.apollohospitals.com/doctors/neurosurgeon/indore/dr-subodh-jain
India,Hyderabad,"Apollo Health City, Jubilee Hills, Hyderabad",Neurology,"Dr Sudhir Kumar",https://www.apollohospitals.com/doctors/neurologist/hyderabad/dr-sudhir-kumar
India,Delhi,"Apollo Hospitals, Delhi",Neurology,"Dr Pranav Kumar",https://www.apollohospitals.com/doctors/neurosurgeon/delhi/dr-pranav-kumar
India,Pune,"Apollo Hospitals, Pune",Neurology,"Dr Ashish Chugh",https://www.apollohospitals.com/doctors/neurosurgeon/pune/dr-ashish-chugh
India,Kolkata,"Apollo Multispeciality Hospitals, EM Bypass, Kolkata",Neurology,"Dr Sanjay Bhaumik",https://www.apollohospitals.com/doctors/neurologist/kolkata/dr-sanjay-bhaumik
India,Kolkata,"Apollo Multispeciality Hospitals, EM Bypass, Kolkata",Neurology,"Dr Sisir Das",https://www.apollohospitals.com/doctors/neurosurgeon/kolkata/dr-sisir-das
India,Chennai,"Apollo Hospitals, Greams Road, Chennai",Neurology,"Dr Yogaraj S",https://www.apollohospitals.com/doctors/neurologist/chennai/dr-yogaraj-s
India,Bangalore,"Apollo Speciality Hospital, Jayanagar, Bangalore",Neurology,"Dr Ajay Herur",https://www.apollohospitals.com/doctors/brain-and-spine-surgeon/bangalore/dr-ajay-herur
India,Hyderabad,"Apollo Health City, Jubilee Hills, Hyderabad",Neurology,"Dr B G Ratnam",https://www.apollohospitals.com/doctors/neurosurgeon/hyderabad/dr-b-g-ratnam
India,Lucknow,"Apollo Hospitals Lucknow",Neurology,"Dr Brig Saurabh Kumar Verma",https://www.apollohospitals.com/doctors/neuro-and-spine-surgery/lucknow/dr-brig-saurabh-kumar-verma
India,Pune,"Apollo Hospitals, Pune",Neurology,"Dr Sachin Gandhi",https://www.apollohospitals.com/doctors/brain-and-spine-surgeon/pune/dr-sachin-gandhi
India,Hyderabad,"Apollo Health City, Jubilee Hills, Hyderabad",Neurology,"Dr Alok Ranjan",https://www.apollohospitals.com/doctors/neurosurgeon/hyderabad/dr-alok-ranjan
India,Nashik,"Apollo Hospitals, Nashik",Neurology,"Dr Sanjay Vekhande",https://www.apollohospitals.com/doctors/neurosurgeon/nashik/dr-sanjay-vekhande
India,Hyderabad,"Apollo Health City, Jubilee Hills, Hyderabad",Neurology,"Dr Rahul Lath",https://www.apollohospitals.com/doctors/neurosurgeon/hyderabad/dr-rahul-lath
India,Chennai,"Apollo Hospitals ,Tondiarpet, Chennai",Neurology,"Dr Jothikumar",https://www.apollohospitals.com/doctors/neurosurgeon/chennai/dr-jothikumar
India,Hyderabad,"Apollo Hospitals, Financial District",Neurology,"Dr Sreekanth Vemula",https://www.apollohospitals.com/doctors/neurologist/hyderabad/dr-sreekanth-vemula
India,Cochin,"Apollo Adlux Hospital, Cochin",Neurology,"Dr Bobby Varkey Maramattom",https://www.apollohospitals.com/doctors/neurologist/cochin/dr-boby-varkey-maramattom
India,Ahmedabad,"Apollo Hospitals International Ltd, Ahmedabad",Neurology,"Dr Somesh Desai",https://www.apollohospitals.com/doctors/neurosurgeon/ahmedabad/dr-somesh-desai
India,Guwahati,"Apollo Excelcare, Guwahati",Neurology,"Dr Lakshya Jyoti Basumatary",https://www.apollohospitals.com/doctors/neurologist/guwahati/dr-lakshya-jyoti-basumatary
India,Kolkata,"Apollo Multispeciality Hospitals, EM Bypass, Kolkata",Neurology,"Dr Abrar Ahmed",https://www.apollohospitals.com/doctors/spine-surgeon/kolkata/dr-abrar-ahmed
India,Nellore,"Apollo Specialty Hospitals, Nellore",Neurology,"Dr Athota Venkata Ramana Murthy",https://www.apollohospitals.com/doctors/neurosurgeon/nellore/dr-athota-venkata-ramana-murthy
India,Hyderabad,"Apollo Health City, Jubilee Hills, Hyderabad",Neurology,"Dr C Rajesh Reddy",https://www.apollohospitals.com/doctors/neurologist/hyderabad/dr-c-rajesh-reddy
India,Hyderabad,"Apollo Hospitals, Secunderabad, Hyderabad",Neurology,"Dr V Bramha Prasad",https://www.apollohospitals.com/doctors/neurosurgeon/hyderabad/dr-v-bramha-prasad
India,Mysore,"Apollo BGS Hospitals, Mysore",Neurology,"Dr Bopaiah K S",https://www.apollohospitals.com/doctors/neurosurgeon/mysore/dr-bopaiah-k-s
India,Mysore,"Apollo BGS Hospitals, Mysore",Neurology,"Dr Aumir Moin",https://www.apollohospitals.com/doctors/neurologist/mysore/dr-aumir-moin
India,Bilaspur,"Apollo Hospitals, Bilaspur",Neurology,"Dr Sunil Sharma",https://www.apollohospitals.com/doctors/neurosurgeon/bilaspur/dr-sunil-sharma
India,Ahmedabad,"Apollo Hospitals International Ltd, Ahmedabad",Neurology,"Dr Praveen Saxena",https://www.apollohospitals.com/doctors/spine-surgeon/ahmedabad/dr-praveen-saxena
India,Chennai,"Apollo Firstmed Hospital, Chennai",Neurology,"Dr Kodeeswaran Marappan",https://www.apollohospitals.com/doctors/neurosurgeon/chennai/dr-kodeeswaran-marappan
India,Chennai,"Apollo Hospitals, Greams Road, Chennai",Neurology,"Dr Joy Varghese",https://www.apollohospitals.com/doctors/neurosurgeon/chennai/dr-joy-varghese
India,Hyderabad,"Apollo Hospitals, Secunderabad, Hyderabad",Neurology,"Dr H Rahul",https://www.apollohospitals.com/doctors/neurologist/hyderabad/dr-h-rahul
India,Delhi,"Apollo Hospitals, Delhi",Neurology,"Dr Aditya Singh Bhati",https://www.apollohospitals.com/doctors/neurosurgeon/delhi/dr-aditendr-aditya-singh-bhati
India,Lucknow,"Apollo Hospitals Lucknow",Neurology,"Prof (Dr) Praveen Sharma",https://www.apollohospitals.com/doctors/neurologist/lucknow/prof-dr-praveen-sharma
India,Chennai,"Apollo Hospitals, Greams Road, Chennai",Neurology,"Dr Srikanth Srinivasan",https://www.apollohospitals.com/doctors/neurologist/chennai/dr-srikanth-srinivasan
India,Kakinada,"Apollo Hospitals, Kakinada",Neurology,"Dr M Venkata Kiran Kumar",https://www.apollohospitals.com/doctors/neurosurgeon/kakinada/dr-m-venkata-kiran-kumar
India,Delhi,"Apollo Hospitals, Delhi",Neurology,"Dr Sunit Mediratta",https://www.apollohospitals.com/doctors/neurosurgeon/delhi/dr-sunit-mediratta
India,Bangalore,"Apollo Hospitals, Bannerghatta Road, Bangalore",Neurology,"Dr K Kartik Revanappa",https://www.apollohospitals.com/doctors/neurosurgeon/bangalore/dr-k-kartik-revanappa
India,Chennai,"Apollo Speciality Hospitals, Vanagaram, Chennai",Neurology,"Dr Muthu Kumar P",https://www.apollohospitals.com/doctors/neurologist/chennai/dr-muthu-kumar-p
India,Chennai,"Apollo Firstmed Hospital, Chennai",Neurology,"Dr Lakshmi Narasimhan",https://www.apollohospitals.com/doctors/neurologist/chennai/dr-lakshmi-narasimhan
India,Mumbai,"Apollo Hospitals, Mumbai",Neurology,"Dr Abhidha Shah",https://www.apollohospitals.com/doctors/neurologist/mumbai/dr-abhidha-shah
India,Nellore,"Apollo Specialty Hospitals, Nellore",Neurology,"Prof Dr Bindu Menon",https://www.apollohospitals.com/doctors/neurologist/nellore/dr-bindu-menon
India,Bangalore,"Apollo Hospitals, Bannerghatta Road, Bangalore",Neurology,"Dr Ashok Kumar Singhal",https://www.apollohospitals.com/doctors/neurologist/bangalore/dr-ashok-kumar-singhal
India,Chennai,"Apollo Speciality Hospitals, OMR, Chennai",Neurology,"Dr I Mohamed Abith Ali",https://www.apollohospitals.com/doctors/neurosurgeon/chennai/dr-i-mohamed-abith-ali
India,Hyderabad,"Apollo Hospitals, Financial District",Neurology,"Dr Srikanth Reddy S",https://www.apollohospitals.com/doctors/neurosurgeon/hyderabad/dr-srikanth-reddy-s
India,Mysore,"Apollo BGS Hospitals, Mysore",Neurology,"Dr Somanath Vasudev",https://www.apollohospitals.com/doctors/neurologist/mysore/dr-somanath-vasudev
India,Mysore,"Apollo BGS Hospitals, Mysore",Neurology,"Dr Lokesh B L",https://www.apollohospitals.com/doctors/neurosurgeon/mysore/dr-lokesh-b-l
India,Madurai,"Apollo Speciality Hospitals Madurai",Neurology,"Dr Satish Kannan",https://www.apollohospitals.com/doctors/neurosurgeon/madurai/dr-satish-kannan
India,Ahmedabad,"Apollo Hospitals International Ltd, Ahmedabad",Neurology,"Dr Navneet Saraiya",https://www.apollohospitals.com/doctors/spine-surgeon/ahmedabad/dr-navneet-saraiya
India,Kolkata,"Apollo Multispeciality Hospitals, EM Bypass, Kolkata",Neurology,"Dr Biswajit Sengupta",https://www.apollohospitals.com/doctors/neurosurgeon/kolkata/dr-biswajit-sengupta
India,Bhubaneswar,"Apollo Hospitals, Bhubaneswar",Neurology,"Dr. Aakash Agrawal",https://www.apollohospitals.com/doctors/neurologist/bhubaneswar/dr-aakash-agarwal
India,Noida,"Apollo Hospitals Noida",Neurology,"Dr Amit Kapoor",https://www.apollohospitals.com/doctors/neurosurgeon/noida/dr-amit-kapoor
India,Bhopal,"Apollo Sage Hospitals",Neurology,"Dr Nirendra Rai",https://www.apollohospitals.com/doctors/neurologist/bhopal/dr-nirendra-rai
India,Chennai,"Apollo Hospitals, Greams Road, Chennai",Neurology,"Dr Muralidharan V",https://www.apollohospitals.com/doctors/spine-surgeon/chennai/dr-muralidharan-v
India,Guwahati,"Apollo Hospitals, Guwahati",Neurology,"Dr Shameem Ahmed",https://www.apollohospitals.com/doctors/neurosurgeon/guwahati/dr-shameem-ahmed
India,Madurai,"Apollo Speciality Hospitals Madurai",Neurology,"Dr Bharathi Sundar M",https://www.apollohospitals.com/doctors/neurologist/madurai/dr-bharathi-sundar-m
India,Bhubaneswar,"Apollo Hospitals, Bhubaneswar",Neurology,"Dr Debabrata Biswal",https://www.apollohospitals.com/doctors/neurosurgeon/bhubaneswar/dr-debabrata-biswal
India,Guwahati,"Apollo Excelcare, Guwahati",Neurology,"Dr Deva Kumar Borgohain",https://www.apollohospitals.com/doctors/neurosurgeon/guwahati/dr-deva-kumar-borgohain
India,Hyderabad,"Apollo Hospitals, Secunderabad, Hyderabad",Neurology,"Dr Kalyan Bommakanti",https://www.apollohospitals.com/doctors/neurosurgeon/hyderabad/dr-kalyan-bommakanti
India,Mumbai,"Apollo Hospitals, Mumbai",Neurology,"Dr Girish Chandrasekharan Nair",https://www.apollohospitals.com/doctors/neurologist/mumbai/dr-girish-chandrasekharan-nair
India,Chennai,"Apollo Firstmed Hospital, Chennai",Neurology,"Dr Shyam Sundar Krishnan",https://www.apollohospitals.com/doctors/neurosurgeon/chennai/dr-shyam-sundar-krishnan
India,Mumbai,"Apollo Hospitals, Mumbai",Neurology,"Dr Anil Venketachalam",https://www.apollohospitals.com/doctors/neurologist/mumbai/dr-anil-venketachalam
India,Bhubaneswar,"Apollo Hospitals, Bhubaneswar",Neurology,"Dr Deepak Kumar Parida",https://www.apollohospitals.com/doctors/general-surgeon/bhubaneswar/dr-deepak-kumar-parida
India,Delhi,"Apollo Hospitals, Delhi",Neurology,"Dr Charu Gauba",https://www.apollohospitals.com/doctors/neurologist/delhi/dr-charu-gauba
India,Bhubaneswar,"Apollo Hospitals, Bhubaneswar",Neurology,"Dr Subhransu Sekhar Jena",https://www.apollohospitals.com/doctors/neurologist/bhubaneswar/dr-subhransu-sekhar-jena
India,Mumbai,"Apollo Hospitals, Mumbai",Neurology,"Dr Shekhar G Patil",https://www.apollohospitals.com/doctors/neurologist/mumbai/dr-shekhar-g-patil
India,Indore,"Apollo Hospitals, Indore",Neurology,"Dr Nipun Puranik",https://www.apollohospitals.com/doctors/neurologist/indore/dr-nipun-puranik
India,Indore,"Apollo Hospitals, Indore",Neurology,"Dr Ankit Mathur",https://www.apollohospitals.com/doctors/neurosurgeon/indore/dr-ankit-mathur
India,Chennai,"Apollo Speciality Hospitals, Teynampet, Chennai",Neurology,"Dr Anusha D",https://www.apollohospitals.com/doctors/neurologist/chennai/dr-anusha-d
India,Bangalore,"Apollo Hospitals, Bannerghatta Road, Bangalore",Neurology,"Dr Gurucharan Adoor",https://www.apollohospitals.com/doctors/neurologist/bangalore/dr-gurucharan-adoor
India,Hyderabad,"Apollo Hospitals, Financial District",Neurology,"Dr Sridhar Jakkepally",https://www.apollohospitals.com/doctors/spine-surgeon/hyderabad/dr-sridhar-jakkepally
India,Hyderabad,"Apollo Hospitals, Financial District",Neurology,"Dr Sreenath Rao Jakinapally",https://www.apollohospitals.com/doctors/spine-surgeon/hyderabad/dr-sreenath-rao-jakinapally
India,Chennai,"Apollo Speciality Hospitals, Teynampet, Chennai",Neurology,"Dr Shankar Ganesh C V",https://www.apollohospitals.com/doctors/neurosurgeon/chennai/dr-shankar-ganesh-c-v
India,Cochin,"Apollo Adlux Hospital, Cochin",Neurology,"Dr Tharun Krishna B S",https://www.apollohospitals.com/doctors/neurosurgeon/cochin/dr-tharun-krishna-b-s
India,Noida,"Apollo Hospitals Noida",Neurology,"Dr Avinash Goswami",https://www.apollohospitals.com/doctors/neurologist/noida/dr-avinash-goswami
India,Rourkela,"Apollo Super Speciality Hospital, Rourkela",Neurology,"Dr Dipti Ranjan Tripathy",https://www.apollohospitals.com/doctors/neurologist/rourkela/dr-dipti-ranjan-tripathy
India,Pune,"Apollo Hospitals, Pune",Neurology,"Dr Suyog Doshi",https://www.apollohospitals.com/doctors/neurologist/pune/dr-suyog-doshi
India,Delhi,"Apollo Hospitals, Delhi",Neurology,"Dr Saurabh Kapoor",https://www.apollohospitals.com/doctors/spine-surgeon/delhi/dr-saurabh-kapoor
India,Kolkata,"Apollo Multispeciality Hospitals, EM Bypass, Kolkata",Neurology,"Dr Kajal Das",https://www.apollohospitals.com/doctors/neurosurgeon/kolkata/dr-kajal-das
India,Kolkata,"Apollo Multispeciality Hospitals, EM Bypass, Kolkata",Neurology,"Dr. Debabrata Chakraborty",https://www.apollohospitals.com/doctors/neurologist/kolkata/dr-debabrata-chakraborty
India,Bilaspur,"Apollo Hospitals, Bilaspur",Neurology,"Dr Raj Kumar",https://www.apollohospitals.com/doctors/neurosurgeon/bilaspur/dr-raj-kumar
India,Bangalore,"Apollo Hospitals Sarjapur Road, Bangalore",Neurology,"Dr Sachin G R",https://www.apollohospitals.com/doctors/neurosurgeon/bangalore/dr-sachin-g-r
India,Chennai,"Apollo Hospitals, Greams Road, Chennai",Neurology,"Dr Somasundaram A C",https://www.apollohospitals.com/doctors/neurologist/chennai/dr-somasundaram-a-c
India,Chennai,"Apollo Speciality Hospitals, OMR, Chennai",Neurology,"Dr Subramaniam M H",https://www.apollohospitals.com/doctors/spine-surgeon/chennai/dr-subramaniam-m-h
India,Hyderabad,"Apollo Hospitals, Hyderguda, Hyderabad",Neurology,"Dr Deepika Sirineni",https://www.apollohospitals.com/doctors/neurologist/hyderabad/dr-deepika-sirineni
India,Bangalore,"Apollo Hospitals, Seshadripuram, Bangalore",Neurology,"Dr Kishor Rao",https://www.apollohospitals.com/doctors/neurosurgeon/bangalore/dr-kishore-rao
India,Ahmedabad,"Apollo Hospitals International Ltd, Ahmedabad",Neurology,"Dr Deepak Malhotra",https://www.apollohospitals.com/doctors/neurosurgeon/ahmedabad/dr-deepak-malhotra
India,Delhi,"Apollo Hospitals, Delhi",Neurology,"Dr Ankit Jain",https://www.apollohospitals.com/doctors/neurosurgeon/delhi/dr-ankit-jain
India,Mumbai,"Apollo Hospitals, Mumbai",Neurology,"Dr Vishal C",https://www.apollohospitals.com/doctors/neurologist/mumbai/dr-vishal-c
India,Hyderabad,"Apollo Hospitals, Secunderabad, Hyderabad",Neurology,"Dr A Venkat Reddy",https://www.apollohospitals.com/doctors/neurologist/hyderabad/dr-a-venkat-reddy
India,Visakhapatnam,"Apollo Hospitals Ramnagar, Vizag",Neurology,"Dr Ananda Kumar Mahapatra",https://www.apollohospitals.com/doctors/neurosurgeon/visakhapatnam/dr-ananda-kumar-mahapatra
India,Bangalore,"Apollo Speciality Hospital, Jayanagar, Bangalore",Neurology,"Dr Krishna Chaitanya N",https://www.apollohospitals.com/doctors/neurosurgeon/bangalore/dr-krishna-chaitanya-n
India,Chennai,"Apollo Firstmed Hospital, Chennai",Neurology,"Dr Arvind K R",https://www.apollohospitals.com/doctors/neurosurgeon/chennai/dr-arvind-k-r
India,Chennai,"Apollo Hospitals, Greams Road, Chennai",Neurology,"Dr Arulselvan V L",https://www.apollohospitals.com/doctors/neurologist/chennai/dr-arulselvan-v-l
India,Bhopal,"Apollo Sage Hospitals",Neurology,"Dr Rahul Jain",https://www.apollohospitals.com/doctors/neurosurgeon/bhopal/dr-rahul-jain
India,Trichy,"Apollo Speciality Hospitals, Trichy",Neurology,"Dr Syed Ali S",https://www.apollohospitals.com/doctors/brain-and-spine-surgeon/trichy/dr-syed-ali-s
India,Madurai,"Apollo Speciality Hospitals Madurai",Neurology,"Dr Karthik S N",https://www.apollohospitals.com/doctors/neurologist/madurai/dr-karthik-s-n
India,Nellore,"Apollo Specialty Hospitals, Nellore",Neurology,"Dr Venkat K",https://www.apollohospitals.com/doctors/neurosurgeon/nellore/dr-venkat-k
India,"Karim Nagar","Apollo Reach Hospital Karimnagar, Hyderabad",Neurology,"Dr Annam Harikrishna",https://www.apollohospitals.com/doctors/neurologist/karim-nagar/dr-annam-harikrishna
India,Hyderabad,"Apollo Health City, Jubilee Hills, Hyderabad",Neurology,"Dr Sandeep Nayani",https://www.apollohospitals.com/doctors/neurologist/hyderabad/dr-sandeep-nayani
India,Rourkela,"Apollo Super Speciality Hospital, Rourkela",Neurology,"Dr Ayusman Satapathy",https://www.apollohospitals.com/doctors/neurosurgeon/rourkela/dr-ayusman-satapathy
India,Delhi,"Apollo Hospitals, Delhi",Neurology,"Dr Gaurav Tyagi",https://www.apollohospitals.com/doctors/neurosurgeon/delhi/dr-gaurav-tyagi
India,Ahmedabad,"Apollo Hospitals International Ltd, Ahmedabad",Neurology,"Dr Devashish Vyas",https://www.apollohospitals.com/doctors/neurologist/ahmedabad/dr-devashish-vyas
India,Kolkata,"Apollo Multispeciality Hospitals, EM Bypass, Kolkata",Neurology,"Dr Manoj Kumar Mahata",https://www.apollohospitals.com/doctors/neurologist/kolkata/dr-manoj-kumar-mahata
India,Kolkata,"Apollo Multispeciality Hospitals, EM Bypass, Kolkata",Neurology,"Dr Sanjoy Biswas",https://www.apollohospitals.com/doctors/spine-surgeon/kolkata/dr-sanjoy-biswas
India,Bangalore,"Apollo Speciality Hospital, Jayanagar, Bangalore",Neurology,"Dr Rashmi Devaraj",https://www.apollohospitals.com/doctors/neurologist/bangalore/dr-rashmi-devaraj
India,Chennai,"Apollo Firstmed Hospital, Chennai",Neurology,"Dr S Balamurugan",https://www.apollohospitals.com/doctors/neurosurgeon/chennai/dr-s-balamurugan
India,Warangal,"Apollo Reach N S R Hospital, Warangal, Hyderabad",Neurology,"Dr ABILASH GAJJALA",https://www.apollohospitals.com/doctors/neurosurgeon/warangal/dr-abilash-gajjala
India,Bangalore,"Apollo Speciality Hospital, Jayanagar, Bangalore",Neurology,"Dr Girish Krishna Joshi",https://www.apollohospitals.com/doctors/brain-and-spine-surgeon/bangalore/dr-girish-krishna-joshi
India,Chennai,"Apollo Children's Hospital, Chennai",Neurology,"Dr Arvind Sukumaran",https://www.apollohospitals.com/doctors/neurosurgeon/chennai/dr-arvind-sukumaran
India,Hyderabad,"Apollo Hospitals, Hyderguda, Hyderabad",Neurology,"Dr Prashanta Chihnara",https://www.apollohospitals.com/doctors/general-surgeon/hyderabad/dr-prashanta-chihnara
India,Bangalore,"Apollo Hospitals, Seshadripuram, Bangalore",Neurology,"Dr. Adesh J",https://www.apollohospitals.com/doctors/neurosurgeon/bangalore/dr-adesh-j
India,Bangalore,"Apollo Hospitals Sarjapur Road, Bangalore",Neurology,"Dr Abhilash Tadiboina",https://www.apollohospitals.com/doctors/neurosurgeon/bangalore/dr-abhilash-tadiboina
India,Hyderabad,"Apollo Hospitals, DRDO, Kanchanbagh, Hyderabad",Neurology,"Dr Rajesh Reddy Pasham",https://www.apollohospitals.com/doctors/neurologist/hyderabad/dr-rajesh-reddy-pasham
India,Lucknow,"Apollo Hospitals Lucknow",Neurology,"Dr Rishi Dwivedi",https://www.apollohospitals.com/doctors/spine-surgeon/lucknow/dr-rishi-dwivedi
India,Kakinada,"Apollo Hospitals, Kakinada",Neurology,"Dr Sivarama Gandhi",https://www.apollohospitals.com/doctors/neurologist/kakinada/dr-sivarama-gandhi
India,Bhopal,"Apollo Sage Hospitals",Neurology,"Dr Meghraj Singh Patel",https://www.apollohospitals.com/doctors/neurologist/bhopal/dr-meghraj-singh-patel
India,Kolkata,"Apollo Multispeciality Hospitals, EM Bypass, Kolkata",Neurology,"Dr Sarbajit Das",https://www.apollohospitals.com/doctors/neurologist/kolkata/dr-sarbajit-das
India,Hyderabad,"Apollo Health City, Jubilee Hills, Hyderabad",Neurology,"Dr Madhuri Khilari",https://www.apollohospitals.com/doctors/epilepsy-specialist/hyderabad/dr-madhuri-khilari
India,Bangalore,"Apollo Hospitals, Bannerghatta Road, Bangalore",Neurology,"Dr Savith Kumar",https://www.apollohospitals.com/doctors/interventional-neuroradiology/bangalore/dr-savith-kumar
India,Karur,"Apollo Hospital, Karur",Neurology,"Dr Saravanan P",https://www.apollohospitals.com/doctors/neurologist/karur/dr-saravanan-p
India,Hyderabad,"Apollo Health City, Jubilee Hills, Hyderabad",Neurology,"Dr Kaushal Ippili",https://www.apollohospitals.com/doctors/neurosurgeon/hyderabad/dr-kaushal-ippili
India,Chennai,"Apollo Hospitals, Greams Road, Chennai",Neurology,"Dr Prof P Vijayashankar",https://www.apollohospitals.com/doctors/neurologist/chennai/dr-vijay-shankar
India,Hyderabad,"Apollo Health City, Jubilee Hills, Hyderabad",Neurology,"Dr Dhanunjaya Rao Ginjupally",https://www.apollohospitals.com/doctors/neurosurgeon/hyderabad/dr-dhanunjaya-rao-ginjupally
India,Hyderabad,"Apollo Hospitals, Financial District",Neurology,"Dr S P Manik Prabhu",https://www.apollohospitals.com/doctors/neuro-surgeon/hyderabad/dr-s-p-manik-prabhu
India,Visakhapatnam,"Apollo Hospitals Health City, Arilova, Vizag",Neurology,"Dr Rajesh Venkat Indala",https://www.apollohospitals.com/doctors/neurologist/visakhapatnam/dr-rajesh-venkat-indala
India,Hyderabad,"Apollo Health City, Jubilee Hills, Hyderabad",Neurology,"Dr Tarang K Vora",https://www.apollohospitals.com/doctors/pediatric-neurosurgery/hyderabad/dr-tarang-k-vora
India,Bangalore,"Apollo Hospitals, Seshadripuram, Bangalore",Neurology,"Dr Srinivas M",https://www.apollohospitals.com/doctors/neurologist/bangalore/dr-srinivas-m
India,Bilaspur,"Apollo Hospitals, Bilaspur",Neurology,"Dr Avinash Gupta",https://www.apollohospitals.com/doctors/neurologist/bilaspur/dr-avinash-gupta
India,Lucknow,"Apollo Hospitals Lucknow",Neurology,"Dr Vibhor Upadhyay",https://www.apollohospitals.com/doctors/neurologist/lucknow/dr-vibhor-upadhyay
India,Chennai,"Apollo Speciality Hospitals, Teynampet, Chennai",Neurology,"Dr B Sneha Chitra",https://www.apollohospitals.com/doctors/neurosurgeon/chennai/dr-sneha-chitra-balasubramanian
India,Cochin,"Apollo Adlux Hospital, Cochin",Neurology,"Dr Parthasarathy B",https://www.apollohospitals.com/doctors/neurologist/cochin/dr-parthasarathy-b
India,Rourkela,"Apollo Super Speciality Hospital, Rourkela",Neurology,"Dr Abhisek Nanda",https://www.apollohospitals.com/doctors/neurologist/rourkela/dr-abhisek-nanda
India,Bhopal,"Apollo Sage Hospitals",Neurology,"Dr Justin Thomas",https://www.apollohospitals.com/doctors/neurologist/bhopal/dr-justin-thomas
India,Visakhapatnam,"Apollo Hospitals Health City, Arilova, Vizag",Neurology,"Dr Omekareswar Rambarki",https://www.apollohospitals.com/doctors/neuro-surgeon/visakhapatnam/dr-omekareswar-rambarki
India,Kolkata,"Apollo Multispeciality Hospitals, EM Bypass, Kolkata",Neurology,"Dr Aditya Mantry",https://www.apollohospitals.com/doctors/neurosurgeon/kolkata/dr-aditya-mantry
India,Kolkata,"Apollo Multispeciality Hospitals, EM Bypass, Kolkata",Neurology,"Dr Debarshi Chatterjee",https://www.apollohospitals.com/doctors/neurosurgeon/kolkata/dr-debarshi-chatterjee
India,Kolkata,"Apollo Multispeciality Hospitals, EM Bypass, Kolkata",Neurology,"Dr Kishalaya Karan",https://www.apollohospitals.com/doctors/neurologist/kolkata/dr-kishalaya-karan
India,Kolkata,"Apollo Multispeciality Hospitals, EM Bypass, Kolkata",Neurology,"Dr Sadanand Dey",https://www.apollohospitals.com/doctors/neurologist/kolkata/dr-sadanand-dey
India,Mumbai,"Apollo Hospitals, Mumbai",Neurology,"Dr Ravikiran Vutha",https://www.apollohospitals.com/doctors/neurologist/mumbai/dr-ravikiran-vutha
India,Bangalore,"Apollo Hospitals, Bannerghatta Road, Bangalore",Neurology,"Dr Suryanarayana Sharma P M",https://www.apollohospitals.com/doctors/neurologist/bangalore/dr-suryanarayana-sharma-p-m
India,Chennai,"Apollo Hospitals, Greams Road, Chennai",Neurology,"Dr Srinivasan Paramasivam",https://www.apollohospitals.com/doctors/neurosurgeon/chennai/dr-srinivasan-paramasivam
India,Chennai,"Apollo Speciality Hospitals, OMR, Chennai",Neurology,"Dr VIGNESHWAR RAVISANKAR",https://www.apollohospitals.com/doctors/neurosurgeon/chennai/dr-vigneshwar-ravisankar
India,Lucknow,"Apollo Hospitals Lucknow",Neurology,"Dr Diwakar Shankar",https://www.apollohospitals.com/doctors/neuro-surgeon/lucknow/dr-diwakar-shankar
India,Guwahati,"Apollo Hospitals, Guwahati",Neurology,"Dr Deep Dutta",https://www.apollohospitals.com/doctors/neurosurgeon/guwahati/dr-deep-dutta
India,Chennai,"Apollo Firstmed Hospital, Chennai",Neurology,"Dr Chennareddy Preetham",https://www.apollohospitals.com/doctors/neurologist/chennai/dr-chennareddy-preetham
India,Bangalore,"Apollo Hospitals, Bannerghatta Road, Bangalore",Neurology,"Dr Bharat Subramanya",https://www.apollohospitals.com/doctors/neuro-surgeon/bangalore/dr-bharat-subramanya
India,Bangalore,"Apollo Hospitals, Bannerghatta Road, Bangalore",Neurology,"Dr P. Murali Krishna",https://www.apollohospitals.com/doctors/neurosurgeon/bangalore/dr-p-murali-krishna
India,Hyderabad,"Apollo Hospitals, Financial District",Neurology,"Dr Ranjith G",https://www.apollohospitals.com/doctors/neurologist/Hyderabad/dr-ranjith-g
India,Bangalore,"Apollo Hospitals Sarjapur Road, Bangalore",Neurology,"Dr Shreenidhi Kulkarni",https://www.apollohospitals.com/doctors/orthopedician/bangalore/dr-shreenidhi-kulkarni
India,Hyderabad,"Apollo Health City, Jubilee Hills, Hyderabad",Neurology,"Dr Soma Madhan Reddy",https://www.apollohospitals.com/doctors/neurosurgeon/hyderabad/dr-soma-madhan-reddy
India,Madurai,"Apollo Speciality Hospitals Madurai",Neurology,"Dr Suresh P",https://www.apollohospitals.com/doctors/neurologist/madurai/dr-suresh-p
India,Bangalore,"Apollo Hospitals Sarjapur Road, Bangalore",Neurology,"Dr Susmitha Reddy Duvvuru",https://www.apollohospitals.com/doctors/neurologist/bangalore/dr-susmitha-reddy-duvvuru
India,Bangalore,"Apollo Speciality Hospital, Jayanagar, Bangalore",Neurology,"Dr Sundeep V K",https://www.apollohospitals.com/doctors/neurosurgeon/bangalore/dr-sundeep-v-k
India,Chennai,"Apollo Speciality Hospitals, Teynampet, Chennai",Neurology,"Dr Ravi Kumar K",https://www.apollohospitals.com/doctors/neurologist/chennai/dr-ravi-kumar-k
India,Delhi,"Apollo Hospitals, Delhi",Neurology,"Dr Debnath Dwaipayan",https://www.apollohospitals.com/doctors/neurosurgeon/delhi/dr-debnath-dwaipayan
India,Bhopal,"Apollo Sage Hospitals",Neurology,"Dr Meghna Pawar",https://www.apollohospitals.com/doctors/neurologist/bhopal/dr-meghna-pawar
India,Indore,"Apollo Hospitals, Indore",Neurology,"Dr Sushant Aildasani",https://www.apollohospitals.com/doctors/neurologist/indore/dr-sushant-aildasani
India,Hyderabad,"Apollo Health City, Jubilee Hills, Hyderabad",Neurology,"Dr Soumya Sharma",https://www.apollohospitals.com/doctors/parkinsons-and-movement-disorder-surgeon/hyderabad/dr-soumya-sharma
India,Mumbai,"Apollo Hospitals, Mumbai",Neurology,"Dr Sumeet G Pawar",https://www.apollohospitals.com/doctors/neurosurgeon/mumbai/dr-sumeet-pawar
India,Bangalore,"Apollo Speciality Hospital, Jayanagar, Bangalore",Neurology,"Dr Sridutt Bhadri",https://www.apollohospitals.com/doctors/neurosurgeon/bangalore/dr-sridutt-bhadri
India,Chennai,"Apollo Hospitals ,Tondiarpet, Chennai",Neurology,"Dr Jered Livingstone",https://www.apollohospitals.com/doctors/neurologist/chennai/dr-jered-livingstone
India,Bangalore,"Apollo Hospitals Sarjapur Road, Bangalore",Neurology,"Dr Hari Kiran G",https://www.apollohospitals.com/doctors/neuro-and-spine-surgery/bangalore/dr-hari-kiran-g
India,Trichy,"Apollo Speciality Hospitals, Trichy",Neurology,"Dr S Senthil Kumar",https://www.apollohospitals.com/doctors/neurosurgeon/trichy/dr-s-senthil-kumar
India,Hyderabad,"Apollo Hospitals, Secunderabad, Hyderabad",Neurology,"Dr Sandeep Gurram",https://www.apollohospitals.com/doctors/neurologist/hyderabad/dr-sandeep-gurram
India,Chennai,"Apollo Speciality Hospitals, Vanagaram, Chennai",Neurology,"Dr Sreenivas UM",https://www.apollohospitals.com/doctors/neurologist/chennai/dr-sreenivas-um
India,Guwahati,"Apollo Excelcare, Guwahati",Neurology,"Dr Dipjyoti Payeng",https://www.apollohospitals.com/doctors/neurologist/guwahati/dr-dipjyoti-payeng
India,Trichy,"Apollo Speciality Hospitals, Trichy",Neurology,"Dr S Fazal Eilahi",https://www.apollohospitals.com/doctors/neurologist/trichy/dr-s-fazal-eilahi
India,Guwahati,"Apollo Hospitals, Guwahati",Neurology,"Dr Satish Bawri",https://www.apollohospitals.com/doctors/neurologist/guwahati/dr-satish-bawri
India,Guwahati,"Apollo Hospitals, Guwahati",Neurology,"Dr Neelav Sarma",https://www.apollohospitals.com/doctors/neurologist/guwahati/dr-neelav-sarma
India,Lucknow,"Apollo Hospitals Lucknow",Neurology,"Dr Akhilesh Kumar",https://www.apollohospitals.com/doctors/neuro-surgeon/lucknow/dr-akhilesh-kumar
India,Chennai,"Apollo Children's Hospital, Chennai",Neurology,"Dr Ananthanarayanan K",https://www.apollohospitals.com/doctors/paediatric-neurologist/chennai/dr-ananthanarayanan-k
India,Hyderabad,"Apollo Hospitals, DRDO, Kanchanbagh, Hyderabad",Neurology,"Dr Aniket S Phutane",https://www.apollohospitals.com/doctors/neurosurgeon/hyderabad/dr-aniket-s-phutane
India,Bhopal,"Apollo Sage Hospitals",Neurology,"Dr Shashank Nahar",https://www.apollohospitals.com/doctors/brain-and-spine-surgeon/bhopal/dr-shashank-nahar
India,Trichy,"Apollo Speciality Hospitals, Trichy",Neurology,"Dr Mayilan Chinnappan",https://www.apollohospitals.com/doctors/neurosurgeon/trichy/dr-mayilan-chinnappan
India,Hyderabad,"Apollo Hospitals, DRDO, Kanchanbagh, Hyderabad",Neurology,"Dr Shuja Uzzaman Bilal",https://www.apollohospitals.com/doctors/neurologist/hyderabad/dr-shuja-uzzaman-bilal
India,Hyderabad,"Apollo Hospitals, DRDO, Kanchanbagh, Hyderabad",Neurology,"Dr Gangula Charvitha Reddy",https://www.apollohospitals.com/doctors/neurologist/hyderabad/dr-gangula-charvitha-reddy
India,Hyderabad,"Apollo Hospitals, Hyderguda, Hyderabad",Neurology,"Dr A Santosh Sriram",https://www.apollohospitals.com/doctors/neurologist/hyderabad/dr-a-santosh-sriram
India,Lucknow,"Apollo Hospitals Lucknow",Neurology,"Dr Prakash Gaurav Tewari",https://www.apollohospitals.com/doctors/spine-surgeon/lucknow/dr-prakash-gaurav-tewari
India,Nashik,"Apollo Hospitals, Nashik",Neurology,"Dr Jitendra Shukla",https://www.apollohospitals.com/doctors/neurologist/nashik/dr-jitendra-shukla
India,Bangalore,"Apollo Hospitals, Bannerghatta Road, Bangalore",Neurology,"Dr Kishore R",https://www.apollohospitals.com/doctors/neurosurgeon/bangalore/dr-kishore-r
India,Bangalore,"Apollo Speciality Hospital, Jayanagar, Bangalore",Neurology,"Dr Gowtham Raman S",https://www.apollohospitals.com/doctors/brain-and-spine-surgeon/bangalore/dr-gowtham-raman-s
India,Chennai,"Apollo Hospitals, Greams Road, Chennai",Neurology,"Dr Muthukani S",https://www.apollohospitals.com/doctors/neurologist/chennai/dr-muthukani-s
India,Pune,"Apollo Hospitals, Pune",Neurology,"Dr Ishant Rege",https://www.apollohospitals.com/doctors/neurosurgeon/pune/dr-ishant-rege
India,Pune,"Apollo Hospitals, Pune",Neurology,"Dr Radhika Lotlikar",https://www.apollohospitals.com/doctors/neurologist/pune/dr-radhika-lotlikar
India,Ahmedabad,"Apollo Hospitals International Ltd, Ahmedabad",Neurology,"Dr Sanket Patel",https://www.apollohospitals.com/doctors/neurologist/ahmedabad/dr-sanket-patel
India,Guwahati,"Apollo Excelcare, Guwahati",Neurology,"Dr Binoy Kr Agarwal",https://www.apollohospitals.com/doctors/neurosurgeon/guwahati/dr-binoy-kr-agarwal
India,Visakhapatnam,"Apollo Hospitals Ramnagar, Vizag",Neurology,"Dr Mutiki Ramesh Babu",https://www.apollohospitals.com/doctors/neurologist/visakhapatnam/dr-mutiki-ramesh-babu
India,Madurai,"Apollo Speciality Hospitals Madurai",Neurology,"Dr Kevin Joseph",https://www.apollohospitals.com/doctors/neurosurgeon/madurai/dr-kevin-joseph
India,Lucknow,"Apollo Hospitals Lucknow",Neurology,"Dr Dewansh Mishra",https://www.apollohospitals.com/doctors/interventional-neuroradiology/lucknow/dr-dewansh-mishra
India,Hyderabad,"Apollo Hospitals, Financial District",Neurology,"Dr Venkata Sumanth Chava",https://www.apollohospitals.com/doctors/neurologist/hyderabad/dr-venkata-sumanth-chava
India,Mysore,"Apollo BGS Hospitals, Mysore",Neurology,"Dr Vinay Hegde S",https://www.apollohospitals.com/doctors/interventional-neuroradiology/mysore/dr-vinay-hegde-s
India,Lucknow,"Apollo Hospitals Lucknow",Neurology,"Dr Ankit Singh",https://www.apollohospitals.com/doctors/neurologist/lucknow/dr-ankit-singh
India,Chennai,"Apollo Firstmed Hospital, Chennai",Neurology,"Dr Rahul Srinivasan",https://www.apollohospitals.com/doctors/neurosurgeon/chennai/dr-rahul-srinivasan
India,Bilaspur,"Apollo Hospitals, Bilaspur",Neurology,"Dr V Arvind Kumar",https://www.apollohospitals.com/doctors/neurosurgeon/bilaspur/dr-v-arvind-kumar
India,"Karim Nagar","Apollo Reach Hospital Karimnagar, Hyderabad",Neurology,"Dr Subrat Kumar Soren",https://www.apollohospitals.com/doctors/neurosurgeon/karim-nagar/dr-subrat-kumar-soren
India,Cochin,"Apollo Adlux Hospital, Cochin",Neurology,"Dr Mishall Prasannan",https://www.apollohospitals.com/doctors/neurosurgeon/cochin/dr-mishall-prasannan
India,Chennai,"Apollo Hospitals, Greams Road, Chennai",Gastroenterology,"Dr Prasanna Kumar Reddy",https://www.apollohospitals.com/doctors/surgical-gastroenterologist/chennai/dr-prasanna-kumar-reddy
India,Chennai,"Apollo Hospitals, Greams Road, Chennai",Gastroenterology,"Dr KR Palaniswamy",https://www.apollohospitals.com/doctors/gastroenterologist/chennai/dr-k-r-palaniswamy
India,Delhi,"Apollo Hospitals, Delhi",Gastroenterology,"Dr Sohan Lal Broor",https://www.apollohospitals.com/doctors/medical-gastroenterologist/delhi/dr-sohan-lal-broor
India,Hyderabad,"Apollo Health City, Jubilee Hills, Hyderabad",Gastroenterology,"Dr. Nandanavanam Raghupathi Rao",https://www.apollohospitals.com/doctors/gi-and-general-surgery/hyderabad/dr-raghupathi-rao-nandanavanam
India,Delhi,"Apollo Hospitals, Delhi",Gastroenterology,"Dr D K Bhargava",https://www.apollohospitals.com/doctors/medical-gastroenterologist/delhi/dr-d-k-bhargava
India,Kolkata,"Apollo Multispeciality Hospitals, EM Bypass, Kolkata",Gastroenterology,"Dr Mahesh Goenka",https://www.apollohospitals.com/doctors/gastroenterologist/kolkata/dr-mahesh-goenka
India,Delhi,"Apollo Hospitals, Delhi",Gastroenterology,"Dr Sanjay Jain",https://www.apollohospitals.com/doctors/medical-gastroenterologist/delhi/dr-sanjay-jain
India,Chennai,"Apollo Hospitals, Greams Road, Chennai",Gastroenterology,"Dr Balachandar T G",https://www.apollohospitals.com/doctors/surgical-gastroenterologist/chennai/dr-balachandar-t-g
India,Madurai,"Apollo Speciality Hospitals Madurai",Gastroenterology,"Dr Sekar T V",https://www.apollohospitals.com/doctors/surgical-gastroenterologist/madurai/dr-sekar-t-v
India,Kolkata,"Apollo Multispeciality Hospitals, EM Bypass, Kolkata",Gastroenterology,"Dr. Prof. Uday C Ghoshal",https://www.apollohospitals.com/doctors/gastroenterologist/kolkata/dr-uday-chand-ghoshal
India,Lucknow,"Apollo Hospitals Lucknow",Gastroenterology,"Dr Rajan Saxena",https://www.apollohospitals.com/doctors/surgical-gastroenterologist/lucknow/dr-rajan-saxena
India,Delhi,"Apollo Hospitals, Delhi",Gastroenterology,"Dr Narinder Tikoo",https://www.apollohospitals.com/doctors/medical-gastroenterologist/delhi/dr-narinder-tikoo
India,Kolkata,"Apollo Multispeciality Hospitals, EM Bypass, Kolkata",Gastroenterology,"Dr Kinsuk Das",https://www.apollohospitals.com/doctors/gastroenterologist/kolkata/dr-kinsuk-das
India,Delhi,"Apollo Hospitals, Delhi",Gastroenterology,"Dr Sanjay Sikka",https://www.apollohospitals.com/doctors/medical-gastroenterologist/delhi/dr-sanjay-sikka
India,Chennai,"Apollo Hospitals, Greams Road, Chennai",Gastroenterology,"Dr Mohan A T",https://www.apollohospitals.com/doctors/gastroenterologist/chennai/dr-mohan-a-t
India,Delhi,"Apollo Hospitals, Delhi",Gastroenterology,"Dr Arun Prasad",https://www.apollohospitals.com/doctors/surgical-gastroenterologist/delhi/dr-arun-prasad
India,Chennai,"Apollo Hospitals, Greams Road, Chennai",Gastroenterology,"Dr Hariharan Muthuswamy",https://www.apollohospitals.com/doctors/gastroenterologist/chennai/dr-hariharan-muthuswamy
India,Delhi,"Apollo Hospitals, Delhi",Gastroenterology,"Dr Dinesh Singhal",https://www.apollohospitals.com/doctors/surgical-gastroenterologist/delhi/dr-dinesh-singhal
India,Delhi,"Apollo Hospitals, Delhi",Gastroenterology,"Dr Amitabha Dutta",https://www.apollohospitals.com/doctors/medical-gastroenterologist/delhi/dr-amitabha-dutta
India,Ahmedabad,"Apollo Hospitals International Ltd, Ahmedabad",Gastroenterology,"Dr Chirag Desai",https://www.apollohospitals.com/doctors/surgical-gastroenterologist/ahmedabad/dr-chirag-desai
India,Bhubaneswar,"Apollo Hospitals, Bhubaneswar",Gastroenterology,"Prof Dr Manoj Kumar Sahu",https://www.apollohospitals.com/doctors/gastroenterologist/bhubaneswar/prof-dr-manoj-kumar-sahu
India,Chennai,"Apollo Speciality Hospitals, Teynampet, Chennai",Gastroenterology,"Dr R Ravi",https://www.apollohospitals.com/doctors/gastroenterologist/chennai/dr-ravi-r
India,Bhubaneswar,"Apollo Hospitals, Bhubaneswar",Gastroenterology,"Dr Sushant Kumar Sethi",https://www.apollohospitals.com/doctors/medical-gastroenterologist/bhubaneswar/dr-sushant-kumar-sethi
India,Hyderabad,"Apollo Health City, Jubilee Hills, Hyderabad",Gastroenterology,"Dr Rajnesh Chander Reddy",https://www.apollohospitals.com/doctors/general-and-laparoscopic-surgeon/hyderabad/dr-rajnesh-chander-reddy
India,Mysore,"Apollo BGS Hospitals, Mysore",Gastroenterology,"Dr Rajkumar P Wadhwa",https://www.apollohospitals.com/doctors/gastroenterologist/mysore/dr-rajkumar-p-wadhwa
India,Delhi,"Apollo Hospitals, Delhi",Gastroenterology,"Dr Anupam Sibal",https://www.apollohospitals.com/doctors/paediatric-gastroenterologist/delhi/dr-anupam-sibal
India,Chennai,"Apollo Hospitals, Greams Road, Chennai",Gastroenterology,"Dr Seshadri Venkatesh P",https://www.apollohospitals.com/doctors/gastroenterologist/chennai/dr-seshadri-venkatesh-p
India,Ahmedabad,"Apollo Hospitals International Ltd, Ahmedabad",Gastroenterology,"Dr Vipul Worah",https://www.apollohospitals.com/doctors/gastroenterologist/ahmedabad/dr-vipul-worah
India,Indore,"Apollo Hospitals, Indore",Gastroenterology,"Dr Ashmeet Choudhary",https://www.apollohospitals.com/doctors/gastroenterologist/indore/dr-ashmeet-choudhary
India,Chennai,"Apollo Hospitals, Greams Road, Chennai",Gastroenterology,"Dr J K A Jameel",https://www.apollohospitals.com/doctors/surgical-gastroenterologist/chennai/dr-j-k-a-jameel
India,Ahmedabad,"Apollo Hospitals International Ltd, Ahmedabad",Gastroenterology,"Dr Shravan Bohra",https://www.apollohospitals.com/doctors/gastroenterologist/ahmedabad/dr-shravan-bohra
India,Bilaspur,"Apollo Hospitals, Bilaspur",Gastroenterology,"Dr Devendra Singh",https://www.apollohospitals.com/doctors/gastroenterologist/bilaspur/dr-devendra-singh
India,Chennai,"Apollo Speciality Hospitals, Vanagaram, Chennai",Gastroenterology,"Dr Ramkumar K",https://www.apollohospitals.com/doctors/surgical-gastroenterologist/chennai/dr-ramkumar-k
India,Bhubaneswar,"Apollo Hospitals, Bhubaneswar",Gastroenterology,"Dr Mohammad Ibrarullah",https://www.apollohospitals.com/doctors/surgical-gastroenterologist/bhubaneswar/dr-mohammad-ibrarullah
India,Bangalore,"Apollo Hospitals, Bannerghatta Road, Bangalore",Gastroenterology,"Dr Dinesh Kini K",https://www.apollohospitals.com/doctors/medical-gastroenterologist/bangalore/dr-dinesh-kini-k
India,Hyderabad,"Apollo Hospitals, Hyderguda, Hyderabad",Gastroenterology,"Dr D S Sai Babu",https://www.apollohospitals.com/doctors/surgical-gastroenterologist/hyderabad/dr-d-s-sai-babu
India,Chennai,"Apollo Hospitals, Greams Road, Chennai",Gastroenterology,"Dr Sarojini Parameswaran",https://www.apollohospitals.com/doctors/gastroenterologist/chennai/dr-sarojini-parameswaran
India,Chennai,"Apollo Hospitals, Greams Road, Chennai",Gastroenterology,"Dr Surendran R",https://www.apollohospitals.com/doctors/surgical-gastroenterologist/chennai/dr-surendran-r
India,Chennai,"Apollo Speciality Hospitals, Vanagaram, Chennai",Gastroenterology,"Dr Goundappa Loganathan",https://www.apollohospitals.com/doctors/gastroenterologist/chennai/dr-goundappa-loganathan
India,Bhubaneswar,"Apollo Hospitals, Bhubaneswar",Gastroenterology,"Dr Prof Kanhu Charan Das",https://www.apollohospitals.com/doctors/medical-gastroenterologist/bhubaneswar/dr-prof-kanhu-charan-das
India,Indore,"Apollo Hospitals, Indore",Gastroenterology,"Dr Nikunj Jain",https://www.apollohospitals.com/doctors/surgical-gastroenterologist/indore/dr-nikunj-jain
India,Indore,"Apollo Hospitals, Indore",Gastroenterology,"Dr Siddharth Jain",https://www.apollohospitals.com/doctors/surgical-gastroenterologist/indore/dr-siddharth-jain
India,Hyderabad,"Apollo Health City, Jubilee Hills, Hyderabad",Gastroenterology,"Dr Ramesh Srinivasan",https://www.apollohospitals.com/doctors/paediatric-gastroenterologist/hyderabad/dr-ramesh-srinivasan
India,Hyderabad,"Apollo Health City, Jubilee Hills, Hyderabad",Gastroenterology,"Dr Raghu D K",https://www.apollohospitals.com/doctors/medical-gastroenterologist/hyderabad/dr-raghu-d-k
India,Guwahati,"Apollo Hospitals, Guwahati",Gastroenterology,"Dr Mukesh Agarwala",https://www.apollohospitals.com/doctors/gastroenterologist/guwahati/dr-mukesh-agarwala
India,Chennai,"Apollo Speciality Hospitals, OMR, Chennai",Gastroenterology,"Dr Shanthi Vijayaraghavan",https://www.apollohospitals.com/doctors/gastroenterologist/chennai/dr-shanthi-vijayaraghavan
India,Chennai,"Apollo Speciality Hospitals, Teynampet, Chennai",Gastroenterology,"Dr E Selvakumar",https://www.apollohospitals.com/doctors/surgical-gastroenterologist/chennai/dr-e-selvakumar
India,Visakhapatnam,"Apollo Hospitals Health City, Arilova, Vizag",Gastroenterology,"Dr Boddepalli Satheesh Babu",https://www.apollohospitals.com/doctors/surgical-gastroenterologist/visakhapatnam/dr-boddepalli-satheesh-babu
India,Chennai,"Apollo Hospitals, Greams Road, Chennai",Gastroenterology,"Dr Revathy Shanmugam",https://www.apollohospitals.com/doctors/gastroenterologist/chennai/dr-revathy-shanmugam
India,Chennai,"Apollo Children's Hospital, Chennai",Gastroenterology,"Dr Viswanathan M S",https://www.apollohospitals.com/doctors/paediatric-gastroenterologist/chennai/dr-viswanathan-m-s
India,Visakhapatnam,"Apollo Hospitals Health City, Arilova, Vizag",Gastroenterology,"Dr Kishore Vmk Gottapu",https://www.apollohospitals.com/doctors/surgical-gastroenterologist/visakhapatnam/dr-kishore-vmk-gottapu
India,Hyderabad,"Apollo Hospitals, Hyderguda, Hyderabad",Gastroenterology,"Dr B Prabhakar",https://www.apollohospitals.com/doctors/medical-gastroenterologist/hyderabad/dr-b-prabhakar
India,Chennai,"Apollo Hospitals, Greams Road, Chennai",Gastroenterology,"Dr Sudeepta Kumar Swain",https://www.apollohospitals.com/doctors/surgical-gastroenterologist/chennai/dr-sudeepta-kumar-swain
India,Delhi,"Apollo Hospitals, Delhi",Gastroenterology,"Dr Smita Malhotra",https://www.apollohospitals.com/doctors/paediatric-gastroenterologist/delhi/dr-smita-malhotra
India,Chennai,"Apollo Hospitals, Greams Road, Chennai",Gastroenterology,"Dr Kalayarasan Raja",https://www.apollohospitals.com/doctors/surgical-gastroenterologist/chennai/dr-kalayarasan-raja
India,Delhi,"Apollo Hospitals, Delhi",Gastroenterology,"Dr Hitendra K Garg",https://www.apollohospitals.com/doctors/medical-gastroenterologist/delhi/dr-hitendra-k-garg
India,Chennai,"Apollo Firstmed Hospital, Chennai",Gastroenterology,"Dr Murali Ramamoorthy",https://www.apollohospitals.com/doctors/gastroenterologist/chennai/dr-murali-ramamoorthy
India,Chennai,"Apollo Firstmed Hospital, Chennai",Gastroenterology,"Dr S Rajendran",https://www.apollohospitals.com/doctors/surgical-gastroenterologist/chennai/dr-s-rajendran
India,Delhi,"Apollo Hospitals, Delhi",Gastroenterology,"Dr. Yogesh Batra",https://www.apollohospitals.com/doctors/medical-gastroenterologist/delhi/dr-yogesh-batra
India,Chennai,"Apollo Children's Hospital, Chennai",Gastroenterology,"Dr Dhanasekhar Kesavelu",https://www.apollohospitals.com/doctors/paediatric-gastroenterologist/chennai/dr-dhanasekhar-kesavelu
India,Guwahati,"Apollo Hospitals, Guwahati",Gastroenterology,"Dr Dibyajyoti Bora",https://www.apollohospitals.com/doctors/gi-and-hpb-surgery/guwahati/dr-dibyajyoti-bora
India,Chennai,"Apollo Proton Cancer Centre, Chennai",Gastroenterology,"Dr Senthilkumar Ganapathi",https://www.apollohospitals.com/doctors/surgical-gastroenterologist/chennai/dr-senthilkumar-ganapathi
India,Hyderabad,"Apollo Health City, Jubilee Hills, Hyderabad",Gastroenterology,"Dr Vimalakar Reddy Eppa",https://www.apollohospitals.com/doctors/surgical-gastroenterologist/hyderabad/dr-vimalakar-reddy-eppa
India,Bangalore,"Apollo Speciality Hospital, Jayanagar, Bangalore",Gastroenterology,"Dr Parvesh Kumar Jain",https://www.apollohospitals.com/doctors/medical-gastroenterologist/bangalore/dr-parvesh-kumar-jain
India,Hyderabad,"Apollo Hospitals, Financial District",Gastroenterology,"Dr Bharat Kumar Nara",https://www.apollohospitals.com/doctors/surgical-gastroenterologist/hyderabad/dr-bharat-kumar-nara
India,Chennai,"Apollo Hospitals, Greams Road, Chennai",Gastroenterology,"Dr Ubal Dhus",https://www.apollohospitals.com/doctors/gastroenterologist/chennai/dr-ubal-dhus
India,Chennai,"Apollo Hospitals, Greams Road, Chennai",Gastroenterology,"Dr Porselvi Rajin",https://www.apollohospitals.com/doctors/gastroenterologist/chennai/dr-porselvi-rajin
India,Delhi,"Apollo Hospitals, Delhi",Gastroenterology,"Dr Sudeep Khanna",https://www.apollohospitals.com/doctors/medical-gastroenterologist/delhi/dr-sudeep-khanna
India,Chennai,"Apollo Hospitals, Greams Road, Chennai",Gastroenterology,"Dr Murugan N",https://www.apollohospitals.com/doctors/hepatologist/chennai/dr-murugan-n
India,Madurai,"Apollo Speciality Hospitals Madurai",Gastroenterology,"Dr Rajesh Prabhu",https://www.apollohospitals.com/doctors/gastroenterologist/madurai/dr-rajesh-prabhu
India,Hyderabad,"Apollo Hospitals, Financial District",Gastroenterology,"Dr Tripuraneni Venkata Aditya Chowdary",https://www.apollohospitals.com/doctors/surgical-gastroenterologist/hyderabad/dr-tripuraneni-venkata-aditya-chowdary
India,Bhubaneswar,"Apollo Hospitals, Bhubaneswar",Gastroenterology,"Dr Soumen Roy",https://www.apollohospitals.com/doctors/surgical-gastroenterologist/bhubaneswar/dr-soumen-roy
India,Cochin,"Apollo Adlux Hospital, Cochin",Gastroenterology,"Dr B Mohammed Noufal",https://www.apollohospitals.com/doctors/gastroenterologist/cochin/dr-b-mohammed-noufal
India,Guwahati,"Apollo Hospitals, Guwahati",Gastroenterology,"Dr Kamal Chetri",https://www.apollohospitals.com/doctors/gastroenterologist/guwahati/dr-kamal-chetri
India,Chennai,"Apollo Hospitals, Greams Road, Chennai",Gastroenterology,"Dr Arun N",https://www.apollohospitals.com/doctors/medical-gastroenterologist/chennai/dr-arun-n
India,Bangalore,"Apollo Hospitals, Bannerghatta Road, Bangalore",Gastroenterology,"Dr Ravishankar Bhat B",https://www.apollohospitals.com/doctors/surgical-gastroenterologist/bangalore/dr-ravishankar-bhat-b
India,Mysore,"Apollo BGS Hospitals, Mysore",Gastroenterology,"Dr Nairuthya S",https://www.apollohospitals.com/doctors/surgical-gastroenterologist/mysore/dr-nairuthya-s
India,Kolkata,"Apollo Hospitals - Narendrapur",Gastroenterology,"Dr Debajyoti Chakraborty",https://www.apollohospitals.com/doctors/gastroenterologist/kolkata/dr-debajyoti-chakraborty
India,Kolkata,"Apollo Hospitals - Narendrapur",Gastroenterology,"Dr Debasis Sardar",https://www.apollohospitals.com/doctors/gastroenterologist/kolkata/dr-debasis-sardar
India,Hyderabad,"Apollo Health City, Jubilee Hills, Hyderabad",Gastroenterology,"Dr Koyyoda Prashanth",https://www.apollohospitals.com/doctors/gi-and-general-surgery/hyderabad/dr-koyyoda-prashanth
India,Mumbai,"Apollo Hospitals, Mumbai",Gastroenterology,"Dr Amey Sonavane",https://www.apollohospitals.com/doctors/gastroenterologist/mumbai/dr-amey-sonavane
India,Mumbai,"Apollo Hospitals, Mumbai",Gastroenterology,"Dr Deepak kumar Gupta",https://www.apollohospitals.com/doctors/gastroenterologist/mumbai/dr-deepakkumar-gupta
India,Bangalore,"Apollo Hospitals Sarjapur Road, Bangalore",Gastroenterology,"Dr Jayaraj S P",https://www.apollohospitals.com/doctors/medical-gastroenterologist/bangalore/dr-jayaraj-s-p
India,Delhi,"Apollo Hospitals, Delhi",Gastroenterology,"Dr Rajeev Shandil",https://www.apollohospitals.com/doctors/medical-gastroenterologist/delhi/dr-rajeev-shandil
India,Delhi,"Apollo Hospitals, Delhi",Gastroenterology,"Dr Nitin Vashistha",https://www.apollohospitals.com/doctors/surgical-gastroenterologist/delhi/dr-nitin-vashistha
India,Ahmedabad,"Apollo Hospitals International Ltd, Ahmedabad",Gastroenterology,"Dr Pathik Parikh",https://www.apollohospitals.com/doctors/gastroenterologist/ahmedabad/dr-pathik-parikh
India,Ahmedabad,"Apollo Hospitals International Ltd, Ahmedabad",Gastroenterology,"Dr Vishal Soni",https://www.apollohospitals.com/doctors/surgical-gastroenterologist/ahmedabad/dr-vishal-soni
India,Hyderabad,"Apollo Hospitals, Hyderguda, Hyderabad",Gastroenterology,"Dr NARENDRA TEJA GOGIREDDY",https://www.apollohospitals.com/doctors/surgical-gastroenterologist/hyderabad/dr-narendra-teja-gogireddy
India,Chennai,"Apollo Children's Hospital, Chennai",Gastroenterology,"Dr Shrinivas S",https://www.apollohospitals.com/doctors/paediatric-gastroenterologist/chennai/dr-shrinivas-s
India,Hyderabad,"Apollo Hospitals, Financial District",Gastroenterology,"Dr Rohan P Reddy",https://www.apollohospitals.com/doctors/medical-gastroenterologist/hyderabad/dr-rohan-p-reddy
India,Bangalore,"Apollo Speciality Hospital, Jayanagar, Bangalore",Gastroenterology,"Dr Adesh A Shetty",https://www.apollohospitals.com/doctors/medical-gastroenterologist/bangalore/dr-adesh-a-shetty
India,Chennai,"Apollo Speciality Hospitals, Teynampet, Chennai",Gastroenterology,"Dr S Srivatsan Gurumurthy",https://www.apollohospitals.com/doctors/surgical-gastroenterologist/chennai/dr-s-srivatsan-gurumurthy
India,Bangalore,"Apollo Hospitals, Bannerghatta Road, Bangalore",Gastroenterology,"Dr Pramod Kumar D A",https://www.apollohospitals.com/doctors/surgical-gastroenterologist/bangalore/dr-pramod-kumar-d-a
India,Bangalore,"Apollo Hospitals, Bannerghatta Road, Bangalore",Gastroenterology,"Dr. Suresh Raghavaiah",https://www.apollohospitals.com/doctors/surgical-gastroenterologist/bangalore/dr-suresh-raghavaiah
India,Madurai,"Apollo Speciality Hospitals Madurai",Gastroenterology,"Dr Srinivasan Ramachandran",https://www.apollohospitals.com/doctors/surgical-gastroenterologist/madurai/dr-srinivasan-ramachandran
India,Bangalore,"Apollo Hospitals, Bannerghatta Road, Bangalore",Gastroenterology,"Dr Sreedhara V",https://www.apollohospitals.com/doctors/surgical-gastroenterologist/bangalore/dr-sreedhara-v
India,Bangalore,"Apollo Hospitals, Seshadripuram, Bangalore",Gastroenterology,"Dr Karthik S",https://www.apollohospitals.com/doctors/surgical-gastroenterologist/bangalore/dr-karthik-s
India,Chennai,"Apollo Hospitals, Greams Road, Chennai",Gastroenterology,"Dr Premkumar K",https://www.apollohospitals.com/doctors/gastroenterologist/chennai/dr-premkumar-k
India,Delhi,"Apollo Hospitals, Delhi",Gastroenterology,"Dr Vishal Garg",https://www.apollohospitals.com/doctors/medical-gastroenterologist/delhi/dr-vishal-garg
India,Chennai,"Apollo Firstmed Hospital, Chennai",Gastroenterology,"Dr Barath Kumar",https://www.apollohospitals.com/doctors/gastroenterologist/chennai/dr-barath-kumar
India,Chennai,"Apollo Speciality Hospitals, OMR, Chennai",Gastroenterology,"Dr Bharath Kumar Mookiah",https://www.apollohospitals.com/doctors/gastroenterologist/chennai/dr-bharath-kumar-mookiah
India,Chennai,"Apollo Speciality Hospitals, Vanagaram, Chennai",Gastroenterology,"Dr Shubha Vivekan",https://www.apollohospitals.com/doctors/gastroenterologist/chennai/dr-shubha-vivekan
India,Visakhapatnam,"Apollo Hospitals, Vizag",Gastroenterology,"Dr Muralidhar Nambada",https://www.apollohospitals.com/doctors/surgical-gastroenterologist/visakhapatnam/dr-muralidhar-nambada
India,Hyderabad,"Apollo Health City, Jubilee Hills, Hyderabad",Gastroenterology,"Dr Ankit Vijay Agarwal",https://www.apollohospitals.com/doctors/medical-gastroenterologist/hyderabad/dr-ankit-vijay-agarwal
India,Lucknow,"Apollo Hospitals Lucknow",Gastroenterology,"Dr Rajiv Ranjan Singh",https://www.apollohospitals.com/doctors/gastroenterologist/lucknow/dr-rajiv-ranjan-singh
India,Pune,"Apollo Hospitals, Pune",Gastroenterology,"Dr. Nachiket Dubale",https://www.apollohospitals.com/doctors/gastroenterologist/pune/dr-nachiket-dubale
India,Bilaspur,"Apollo Hospitals, Bilaspur",Gastroenterology,"Dr Sitenudu Kumar Patel",https://www.apollohospitals.com/doctors/gastroenterologist/bilaspur/dr-sitenudu-kumar-patel
India,Trichy,"Apollo Speciality Hospitals, Trichy",Gastroenterology,"Dr Murali Rangan",https://www.apollohospitals.com/doctors/gastroenterologist/trichy/dr-murali-rangan
India,Mumbai,"Apollo Hospitals, Mumbai",Gastroenterology,"Dr Amit Gharat",https://www.apollohospitals.com/doctors/gastroenterologist/mumbai/dr-amit-gharat
India,Bhubaneswar,"Apollo Hospitals, Bhubaneswar",Gastroenterology,"Dr Akash Anand Dobhada",https://www.apollohospitals.com/doctors/gastroenterologist/bhubaneswar/dr-akash-anand-dobhada
India,Bangalore,"Apollo Hospitals, Bannerghatta Road, Bangalore",Gastroenterology,"Dr Mohamed Farook Mohiuddin",https://www.apollohospitals.com/doctors/gastroenterologist/bangalore/dr-mohamed-farook-mohiuddin
India,Bangalore,"Apollo Hospitals Sarjapur Road, Bangalore",Gastroenterology,"Dr Alister Victor",https://www.apollohospitals.com/doctors/surgical-gastroenterologist/bangalore/dr-alister-victor
India,Hyderabad,"Apollo Hospitals, Financial District",Gastroenterology,"Dr Swathi G",https://www.apollohospitals.com/doctors/medical-gastroenterologist/hyderabad/dr-swathi-g
India,Bhopal,"Apollo Sage Hospitals",Gastroenterology,"Dr Shahnawaz Danish",https://www.apollohospitals.com/doctors/surgical-gastroenterologist/bhopal/dr-shahnawaz-danish
India,Bhopal,"Apollo Sage Hospitals",Gastroenterology,"Dr Arun Singh",https://www.apollohospitals.com/doctors/gastroenterologist/bhopal/dr-arun-singh
India,Delhi,"Apollo Hospitals, Delhi",Gastroenterology,"Dr Karunesh Kumar",https://www.apollohospitals.com/doctors/paediatric-gastroenterologist/delhi/dr-karunesh-kumar
India,Kolkata,"Apollo Hospitals - Narendrapur",Gastroenterology,"Dr Sourodeep Mandal",https://www.apollohospitals.com/doctors/gi-and-hpb-surgery/kolkata/dr-sourodeep-mandal
India,Chennai,"Apollo Speciality Hospitals, Vanagaram, Chennai",Gastroenterology,"Dr Muthukumaran K",https://www.apollohospitals.com/doctors/gastroenterologist/chennai/dr-muthukumaran-k
India,Mumbai,"Apollo Hospitals, Mumbai",Gastroenterology,"Dr Ketul V Shah",https://www.apollohospitals.com/doctors/gastroenterologist/mumbai/dr-ketul-v-shah
India,Chennai,"Apollo Speciality Hospitals, OMR, Chennai",Gastroenterology,"Dr Venkateshwara Mahadevan",https://www.apollohospitals.com/doctors/surgical-gastroenterologist/chennai/dr-venkateshwara-mahadevan
India,Bangalore,"Apollo Hospitals, Bannerghatta Road, Bangalore",Gastroenterology,"Dr Vijay Kumar H J",https://www.apollohospitals.com/doctors/medical-gastroenterologist/bangalore/dr-vijay-kumar-h-j
India,Hyderabad,"Apollo Hospitals, Secunderabad, Hyderabad",Gastroenterology,"Dr Bharani Immaneni",https://www.apollohospitals.com/doctors/medical-gastroenterologist/hyderabad/dr-bharani-immaneni
India,Delhi,"Apollo Hospitals, Delhi",Gastroenterology,"Dr Alok Kumar Pandey",https://www.apollohospitals.com/doctors/surgical-gastroenterologist/delhi/dr-alok-kumar-pandey
India,Hyderabad,"Apollo Hospitals, Financial District",Gastroenterology,"Dr J Sai Harish Reddy",https://www.apollohospitals.com/doctors/medical-gastroenterologist/hyderabad/dr-j-sai-harish-reddy
India,Trichy,"Apollo Speciality Hospitals, Trichy",Gastroenterology,"Dr Vaibhav Tirupati",https://www.apollohospitals.com/doctors/medical-gastroenterologist/trichy/dr-vaibhav-tirupati
India,Chennai,"Apollo Hospitals, Greams Road, Chennai",Gastroenterology,"Dr Piramanayagam P",https://www.apollohospitals.com/doctors/gastroenterologist/chennai/dr-piramanayagam-p
India,Delhi,"Apollo Hospitals, Delhi",Gastroenterology,"Dr Piyush Vishwakarma",https://www.apollohospitals.com/doctors/gastroenterologist/delhi/dr-piyush-vishwakarma
India,Delhi,"Apollo Hospitals, Delhi",Gastroenterology,"Dr Mohd Irtaza",https://www.apollohospitals.com/doctors/medical-gastroenterologist/delhi/dr-mohd-irtaza
India,Guwahati,"Apollo Hospitals, Guwahati",Gastroenterology,"Dr Roshan Agarwala",https://www.apollohospitals.com/doctors/gastroenterologist/guwahati/dr-roshan-agarwala
India,Hyderabad,"Apollo Health City, Jubilee Hills, Hyderabad",Gastroenterology,"Dr Jatin Yegurla",https://www.apollohospitals.com/doctors/medical-gastroenterologist/hyderabad/dr-jatin-yegurla
India,Indore,"Apollo Hospitals, Indore",Gastroenterology,"Dr Vivek Pratap Singh Dixit",https://www.apollohospitals.com/doctors/gastroenterologist/indore/dr-vivek-pratap-singh-dixit
India,Delhi,"Apollo Hospitals, Delhi",Gastroenterology,"Dr Supreet Kumar",https://www.apollohospitals.com/doctors/surgical-gastroenterologist/delhi/dr-supreet-kumar
India,Mysore,"Apollo BGS Hospitals, Mysore",Gastroenterology,"Dr Aathira Ravindranath",https://www.apollohospitals.com/doctors/paediatric-gastroenterologist/mysore/dr-aathira-ravindranath
India,Hyderabad,"Apollo Hospitals, Secunderabad, Hyderabad",Gastroenterology,"Dr Nadendla Hazarathaiah",https://www.apollohospitals.com/doctors/surgical-gastroenterologist/hyderabad/dr-nadendla-hazarathaiah
India,Chennai,"Apollo Speciality Hospitals, Teynampet, Chennai",Gastroenterology,"Dr Aditya Shah",https://www.apollohospitals.com/doctors/gastroenterologist/chennai/dr-aditya-shah
India,Cochin,"Apollo Adlux Hospital, Cochin",Gastroenterology,"Dr Manoj Ayyappath",https://www.apollohospitals.com/doctors/surgical-gastroenterologist/cochin/dr-manoj-ayyappath
India,Delhi,"Apollo Hospitals, Delhi",Gastroenterology,"Dr Syed Uzair",https://www.apollohospitals.com/doctors/gastroenterologist/delhi/dr-syed-uzair
India,Trichy,"Apollo Speciality Hospitals, Trichy",Gastroenterology,"Dr Kumaragurubaran S",https://www.apollohospitals.com/doctors/hepatologist/trichy/dr-kumaragurubaran-s
India,Chennai,"Apollo Speciality Hospitals, OMR, Chennai",Gastroenterology,"Dr Madhavan Mahalingam",https://www.apollohospitals.com/doctors/surgical-gastroenterologist/chennai/dr-madhavan-mahalingam
India,Trichy,"Apollo Speciality Hospitals, Trichy",Gastroenterology,"Dr Vijhay Ganesun",https://www.apollohospitals.com/doctors/surgical-gastroenterologist/trichy/dr-vijhay-ganesun
India,Chennai,"Apollo Hospitals, Greams Road, Chennai",Gastroenterology,"Dr Aswin S Krishna",https://www.apollohospitals.com/doctors/liver-transplant-surgeon/chennai/dr-aswin-s-krishna
India,Indore,"Apollo Hospitals, Indore",Gastroenterology,"Dr Swapnil Mujawdiya",https://www.apollohospitals.com/doctors/gastroenterologist/indore/dr-swapnil-mujawdiya
India,Madurai,"Apollo Speciality Hospitals Madurai",Gastroenterology,"Dr V S Venkatesh",https://www.apollohospitals.com/doctors/medical-gastroenterologist/madurai/dr-v-s-venkatesh
India,Chennai,"Apollo Hospitals, Greams Road, Chennai",Gastroenterology,"Dr Gautham Krishnamurthy",https://www.apollohospitals.com/doctors/surgical-gastroenterology-and-laparoscopy/chennai/dr-gautham-krishnamurthy
India,Chennai,"Apollo Hospitals, Greams Road, Chennai",Gastroenterology,"Dr Vishnu Abishek Raju",https://www.apollohospitals.com/doctors/medical-gastroenterologist/chennai/dr-vishnu-abishek-raju
India,Bangalore,"Apollo Hospitals, Seshadripuram, Bangalore",Gastroenterology,"Dr. Praveen Kumar H R",https://www.apollohospitals.com/doctors/medical-gastroenterologist/bangalore/dr-praveen-kumar-h-r
India,Hyderabad,"Apollo Health City, Jubilee Hills, Hyderabad",Gastroenterology,"Dr Gourang Shroff",https://www.apollohospitals.com/doctors/surgical-gastroenterologist/hyderabad/dr-gourang-shroff
India,Hyderabad,"Apollo Hospitals, Financial District",Gastroenterology,"Dr B Arjun",https://www.apollohospitals.com/doctors/surgical-gastroenterologist/hyderabad/dr-b-arjun
India,Delhi,"Apollo Hospitals, Delhi",Gastroenterology,"Dr Yaja Jebaying",https://www.apollohospitals.com/doctors/paediatric-gastroenterologist/delhi/dr-yaja-jebaying
India,Guwahati,"Apollo Excelcare, Guwahati",Gastroenterology,"Dr Prashant Kumar Rai",https://www.apollohospitals.com/doctors/gastroenterologist/guwahati/dr-prashant-kumar-rai
India,Madurai,"Apollo Speciality Hospitals Madurai",Gastroenterology,"Dr Madhu Sudhanan",https://www.apollohospitals.com/doctors/surgical-gastroenterologist/madurai/dr-madhu-sudhanan
India,Bangalore,"Apollo Speciality Hospital, Jayanagar, Bangalore",Gastroenterology,"Dr Tejaswini M Pawar",https://www.apollohospitals.com/doctors/surgical-gastroenterologist/bangalore/dr-tejaswini-m-pawar
India,Hyderabad,"Apollo Hospitals, Secunderabad, Hyderabad",Gastroenterology,"Dr Bhaskar Kante",https://www.apollohospitals.com/doctors/medical-gastroenterologist/hyderabad/dr-bhaskar-kante
India,Chennai,"Apollo Speciality Hospitals, Vanagaram, Chennai",Gastroenterology,"Dr A. Sangameswaran",https://www.apollohospitals.com/doctors/gastroenterologist/chennai/dr-a-sangameswaran
India,Bangalore,"Apollo Speciality Hospital, Jayanagar, Bangalore",Gastroenterology,"Dr Anand Kumar Raghavendran",https://www.apollohospitals.com/doctors/surgical-gastroenterologist/bangalore/dr-anand-kumar-raghavendran
India,Bilaspur,"Apollo Hospitals, Bilaspur",Gastroenterology,"Dr Lajpat Agrawal",https://www.apollohospitals.com/doctors/surgical-gastroenterologist/bilaspur/dr-lajpat-agrawal
India,Visakhapatnam,"Apollo Hospitals Health City, Arilova, Vizag",Gastroenterology,"Dr Ravi Chandra Reddy Obili",https://www.apollohospitals.com/doctors/surgical-gastroenterologist/visakhapatnam/dr-ravi-chandra-reddy-obili
India,Ahmedabad,"Apollo Hospitals International Ltd, Ahmedabad",Gastroenterology,"Dr Shreya Butala",https://www.apollohospitals.com/doctors/medical-gastroenterologist/ahmedabad/dr-shreya-butala
India,Ahmedabad,"Apollo Hospitals International Ltd, Ahmedabad",Gastroenterology,"Dr Apurva Shah",https://www.apollohospitals.com/doctors/gastroenterologist/ahmedabad/dr-apurva-shah
India,Nashik,"Apollo Hospitals, Nashik",Gastroenterology,"Dr Soham Doshi",https://www.apollohospitals.com/doctors/gastroenterologist/nashik/dr-soham-doshi
India,Visakhapatnam,"Apollo Hospitals Health City, Arilova, Vizag",Gastroenterology,"Dr Sumanth Simha Vankineni",https://www.apollohospitals.com/doctors/medical-gastroenterologist/visakhapatnam/dr-sumanth-simha-vankineni
India,Lucknow,"Apollo Hospitals Lucknow",Gastroenterology,"Dr Jayendra Shukla",https://www.apollohospitals.com/doctors/gastroenterologist/lucknow/dr-jayendra-shukla
India,Cochin,"Apollo Adlux Hospital, Cochin",Gastroenterology,"Dr Kartik Kulshrestha",https://www.apollohospitals.com/doctors/surgical-gastroenterologist/cochin/dr-kartik-kulshrestha
India,Hyderabad,"Apollo Health City, Jubilee Hills, Hyderabad",Gastroenterology,"Dr Raju Musham",https://www.apollohospitals.com/doctors/surgical-gastroenterologist/hyderabad/dr-raju-musham
India,Hyderabad,"Apollo Health City, Jubilee Hills, Hyderabad",Gastroenterology,"Dr K V Dinesh Reddy",https://www.apollohospitals.com/doctors/surgical-gastroenterologist/hyderabad/dr-k-v-dinesh-reddy
India,Bangalore,"Apollo Hospitals, Seshadripuram, Bangalore",Gastroenterology,"Dr Lohith P",https://www.apollohospitals.com/doctors/surgical-gastroenterologist/bangalore/dr-lohith-p
India,Bangalore,"Apollo Hospitals, Seshadripuram, Bangalore",Gastroenterology,"Dr  Raghavendra D",https://www.apollohospitals.com/doctors/medical-gastroenterologist/bangalore/dr-raghavendra-d
India,Hyderabad,"Apollo Hospitals, Secunderabad, Hyderabad",Gastroenterology,"Dr Venu Gongati",https://www.apollohospitals.com/doctors/medical-gastroenterologist/hyderabad/dr-venu-gongati
India,Chennai,"Apollo Hospitals, Greams Road, Chennai",Gastroenterology,"Dr Santhosh Anand K S",https://www.apollohospitals.com/doctors/surgical-gastroenterologist/chennai/dr-santhosh-anand-k-s
India,Chennai,"Apollo Hospitals, Greams Road, Chennai",Gastroenterology,"Dr Kartik Natarajan",https://www.apollohospitals.com/doctors/gastroenterologist/chennai/dr-kartik-natarajan
India,Hyderabad,"Apollo Hospitals, Secunderabad, Hyderabad",Gastroenterology,"Dr N Subrahmaneswara Babu",https://www.apollohospitals.com/doctors/surgical-gastroenterologist/hyderabad/dr-n-subrahmaneswara-babu
India,Guwahati,"Apollo Excelcare, Guwahati",Gastroenterology,"Dr Shubham Purkayastha",https://www.apollohospitals.com/doctors/gastroenterologist/guwahati/dr-shubham-purkayastha
India,Guwahati,"Apollo Excelcare, Guwahati",Gastroenterology,"Dr Bhabani Prasad Bordoloi",https://www.apollohospitals.com/doctors/surgical-gastroenterologist/guwahati/dr-bhabani-prasad-bordoloi
India,Chennai,"Apollo Hospitals, Greams Road, Chennai",Gastroenterology,"Dr Preethi M",https://www.apollohospitals.com/doctors/gastroenterologist/chennai/dr-preethi-m
India,Mumbai,"Apollo Hospitals, Mumbai",Gastroenterology,"Dr Rohan Yewale",https://www.apollohospitals.com/doctors/gastroenterologist/mumbai/dr-rohan-yewale
India,Guwahati,"Apollo Hospitals, Guwahati",Gastroenterology,"Dr Mithu Bhowmick",https://www.apollohospitals.com/doctors/gastroenterologist/guwahati/dr-mithu-bhowmick
India,Hyderabad,"Apollo Health City, Jubilee Hills, Hyderabad",Gastroenterology,"Dr Lalit Chandra Kummetha",https://www.apollohospitals.com/doctors/medical-gastroenterologist/hyderabad/dr-lalit-chandra-kummetha
India,Bhopal,"Apollo Sage Hospitals",Gastroenterology,"Dr Saurabh Dubey",https://www.apollohospitals.com/doctors/surgical-gastroenterologist/bhopal/dr-saurabh-dubey
India,Mumbai,"Apollo Hospitals, Mumbai",Gastroenterology,"Dr Amruth Raj",https://www.apollohospitals.com/doctors/liver-transplant-and-hpb-surgery/mumbai/dr-amruth-raj-c
India,Visakhapatnam,"Apollo Hospitals Health City, Arilova, Vizag",Gastroenterology,"Dr G Varun Teja",https://www.apollohospitals.com/doctors/medical-gastroenterologist/visakhapatnam/dr-g-varun-teja
India,Indore,"Apollo Hospitals, Indore",Gastroenterology,"Dr Amit Singh Barpha",https://www.apollohospitals.com/doctors/hepatologist/indore/dr-amit-singh-barpha
India,Nashik,"Apollo Hospitals, Nashik",Gastroenterology,"Dr Deven Gosavi",https://www.apollohospitals.com/doctors/gastroenterologist/nashik/dr-deven-gosavi
India,Kakinada,"Apollo Hospitals, Kakinada",Gastroenterology,"Dr Vamsi Chaitanya Gude",https://www.apollohospitals.com/doctors/medical-gastroenterologist/kakinada/dr-vamsi-chaitanya-gude
India,Visakhapatnam,"Apollo Hospitals Health City, Arilova, Vizag",Gastroenterology,"Dr Srinivas Rao Virothu",https://www.apollohospitals.com/doctors/medical-gastroenterologist/visakhapatnam/dr-srinivas-rao-virothu
India,Nellore,"Apollo Specialty Hospitals, Nellore",Gastroenterology,"Dr P Hima Bindhu",https://www.apollohospitals.com/doctors/gastroenterologist/nellore/dr-p-hima-bindhu
India,Bangalore,"Apollo Hospitals, Bannerghatta Road, Bangalore",Gastroenterology,"Dr Chethan C M",https://www.apollohospitals.com/doctors/surgical-gastroenterologist/bangalore/dr-chethan-c-m
India,Rourkela,"Apollo Super Speciality Hospital, Rourkela",Gastroenterology,"Dr P K Mohapatra",https://www.apollohospitals.com/doctors/gastroenterologist/rourkela/dr-p-k-mohapatra
India,Bilaspur,"Apollo Hospitals, Bilaspur",Gastroenterology,"Dr Samarth Sharma",https://www.apollohospitals.com/doctors/gastroenterologist/bilaspur/dr-samarth-sharma
India,Rourkela,"Apollo Super Speciality Hospital, Rourkela",Gastroenterology,"Dr Sushant Kumar Dash",https://www.apollohospitals.com/doctors/gastroenterologist/rourkela/dr-sushant-kumar-dash
India,Lucknow,"Apollo Hospitals Lucknow",Gastroenterology,"Dr Shubham Gupta",https://www.apollohospitals.com/doctors/gastroenterologist/lucknow/dr-shubham-gupta
India,Lucknow,"Apollo Hospitals Lucknow",Gastroenterology,"Dr Yash Vardhan Sinha",https://www.apollohospitals.com/doctors/surgical-gastroenterologist/lucknow/dr-yash-vardhan-sinha
India,Delhi,"Apollo Hospitals, Delhi",Gastroenterology,"Dr Amit Pandita",https://www.apollohospitals.com/doctors/gastroenterologist/delhi/dr-amit-pandita
India,Madurai,"Apollo Speciality Hospitals Madurai",Gastroenterology,"Dr Praveen Kumar C",https://www.apollohospitals.com/doctors/gastroenterologist/madurai/dr-praveen-kumar-c
India,Bilaspur,"Apollo Hospitals, Bilaspur",Gastroenterology,"Dr Aakash Garg",https://www.apollohospitals.com/doctors/gastroenterologist/bilaspur/dr-aakash-garg
India,Guwahati,"Apollo Excelcare, Guwahati",Gastroenterology,"Dr Shankar Roy",https://www.apollohospitals.com/doctors/gastroenterologist/guwahati/dr-shankar-roy
India,Delhi,"Apollo Hospitals, Delhi","Cancer Care","Dr Ramesh Sarin",https://www.apollohospitals.com/doctors/surgical-oncologist/delhi/dr-ramesh-sarin
India,Kolkata,"Apollo Multispeciality Hospitals, EM Bypass, Kolkata","Cancer Care","Dr Arunabha Sengupta",https://www.apollohospitals.com/doctors/surgical-oncologist/kolkata/dr-arunabha-sengupta
India,Madurai,"Apollo Speciality Hospitals Madurai","Cancer Care","Dr Muthu Kumaraswamy P K",https://www.apollohospitals.com/doctors/medical-oncologist/madurai/dr-muthu-kumaraswamy-p-k
India,Lucknow,"Apollo Hospitals Lucknow","Cancer Care","Dr Archana Kumar",https://www.apollohospitals.com/doctors/paediatric-oncology/lucknow/dr-archana-kumar
India,Delhi,"Apollo Hospitals, Delhi","Cancer Care","Dr Harit Kumar Chaturvedi",https://www.apollohospitals.com/doctors/surgical-oncologist/delhi/dr-harit-kumar-chaturvedi
India,Ahmedabad,"Apollo Hospitals International Ltd, Ahmedabad","Cancer Care","Dr Jay Prakash Neema",https://www.apollohospitals.com/doctors/radiation-oncologist/ahmedabad/dr-jay-prakash-neema
India,Ahmedabad,"Apollo Hospitals International Ltd, Ahmedabad","Cancer Care","Dr Vivek Bansal",https://www.apollohospitals.com/doctors/radiation-oncologist/ahmedabad/dr-vivek-bansal
India,Ahmedabad,"Apollo Hospitals International Ltd, Ahmedabad","Cancer Care","Dr Velu Nair",https://www.apollohospitals.com/doctors/haemato-oncology-and-bmt/ahmedabad/dr-velu-nair
India,Delhi,"Apollo Hospitals, Delhi","Cancer Care","Dr Saveena Gulati Raheja",https://www.apollohospitals.com/doctors/medical-oncologist/delhi/dr-saveena-gulati-raheja
India,Delhi,"Apollo Hospitals, Delhi","Cancer Care","Dr Vikram Pratap Singh",https://www.apollohospitals.com/doctors/surgical-oncologist/delhi/dr-vikram-pratap-singh
India,Delhi,"Apollo Athenaa Women's Cancer Centre, Delhi","Cancer Care","Dr Rupinder Sekhon",https://www.apollohospitals.com/doctors/gynec-oncology/delhi/dr-rupinder-sekhon
India,Bilaspur,"Apollo Hospitals, Bilaspur","Cancer Care","Dr Sushree Parida",https://www.apollohospitals.com/doctors/medical-oncologist/bilaspur/dr-sushree-parida
India,Delhi,"Apollo Hospitals, Delhi","Cancer Care","Dr Harsh Dua",https://www.apollohospitals.com/doctors/medical-oncologist/delhi/dr-harsh-dua
India,Kolkata,"Apollo Multispeciality Hospitals, EM Bypass, Kolkata","Cancer Care","Dr P N Mohapatra",https://www.apollohospitals.com/doctors/medical-oncologist/kolkata/dr-p-n-mohapatra
India,Chennai,"Apollo Speciality Hospitals, Teynampet, Chennai","Cancer Care","Dr Jose Easow",https://www.apollohospitals.com/doctors/medical-oncologist/chennai/dr-jose-easow
India,Chennai,"Apollo Proton Cancer Centre, Chennai","Cancer Care","Dr Sapna Nangia",https://www.apollohospitals.com/doctors/radiation-oncologist/chennai/dr-sapna-nangia
India,Chennai,"Apollo Proton Cancer Centre, Chennai","Cancer Care","Dr Rakesh Jalali",https://www.apollohospitals.com/doctors/radiation-oncologist/chennai/dr-rakesh-jalali
India,Kolkata,"Apollo Multispeciality Hospitals, EM Bypass, Kolkata","Cancer Care","Dr Shaikat Gupta",https://www.apollohospitals.com/doctors/surgical-oncologist/kolkata/dr-shaikat-gupta
India,Delhi,"Apollo Athenaa Women's Cancer Centre, Delhi","Cancer Care","Dr. Anil K D'Cruz",https://www.apollohospitals.com/doctors/oncologist/delhi/dr-anil-k-dcruz
India,Chennai,"Apollo Speciality Hospitals, Teynampet, Chennai","Cancer Care","Dr S Ayyappan",https://www.apollohospitals.com/doctors/surgical-oncologist/chennai/dr-s-ayyappan
India,Kolkata,"Apollo Hospitals - Narendrapur","Cancer Care","Dr Niharendu Ghara",https://www.apollohospitals.com/doctors/paediatric-haematology/kolkata/dr-niharendu-ghara
India,Hyderabad,"Apollo Health City, Jubilee Hills, Hyderabad","Cancer Care","Dr Varughese Mathai",https://www.apollohospitals.com/doctors/colorectal-surgery/hyderabad/dr-varughese-mathai
India,Delhi,"Apollo Hospitals, Delhi","Cancer Care","Dr Amita Mahajan",https://www.apollohospitals.com/doctors/oncologist/delhi/dr-amita-mahajan
India,Delhi,"Apollo Hospitals, Delhi","Cancer Care","Dr Sameer Kaul",https://www.apollohospitals.com/doctors/surgical-oncologist/delhi/dr-sameer-kaul
India,Delhi,"Apollo Athenaa Women's Cancer Centre, Delhi","Cancer Care","Prof. Dr. Geeta Kadayaprath",https://www.apollohospitals.com/doctors/surgical-oncologist/delhi/dr-geeta-kadayaprath
India,Delhi,"Apollo Athenaa Women's Cancer Centre, Delhi","Cancer Care","Dr Jyoti Wadhwa",https://www.apollohospitals.com/doctors/oncologist/delhi/dr-jyoti-wadhwa
India,Ahmedabad,"Apollo Hospitals International Ltd, Ahmedabad","Cancer Care","Dr Murtuza I Laxmidhar",https://www.apollohospitals.com/doctors/surgical-oncologist/ahmedabad/dr-m-i-laxmidhar
India,Delhi,"Apollo Hospitals, Delhi","Cancer Care","Dr Ganesh Jadhav",https://www.apollohospitals.com/doctors/radiation-oncologist/delhi/dr-ganesh-jadhav
India,Kolkata,"Apollo Hospitals - Narendrapur","Cancer Care","Dr Prabrajya Narayan Mohapatra",https://www.apollohospitals.com/doctors/medical-oncologist/kolkata/dr-prabrajya-narayan-mohapatra
India,Chennai,"Apollo Speciality Hospitals, Teynampet, Chennai","Cancer Care","Dr Raja T",https://www.apollohospitals.com/doctors/medical-oncologist/chennai/dr-raja-t
India,Chennai,"Apollo Speciality Hospitals, Teynampet, Chennai","Cancer Care","Dr Revathi Raj",https://www.apollohospitals.com/doctors/paediatric-haematology/chennai/dr-revathi-raj
India,Chennai,"Apollo Speciality Hospitals, Teynampet, Chennai","Cancer Care","Dr Rayappa C",https://www.apollohospitals.com/doctors/head-and-neck-surgical-oncology-and-skull-base-surgery/chennai/dr-rayappa-c
India,Chennai,"Apollo Firstmed Hospital, Chennai","Cancer Care","Dr T P R Bharadwaj",https://www.apollohospitals.com/doctors/haematologist/chennai/dr-t-p-r-bharadwaj
India,Chennai,"Apollo Hospitals, Greams Road, Chennai","Cancer Care","Dr Venkatesh Munikrishnan",https://www.apollohospitals.com/doctors/colorectal-surgery/chennai/dr-venkatesh-munikrishnan
India,Guwahati,"Apollo Hospitals, Guwahati","Cancer Care","Dr Chidananda Bhuyan",https://www.apollohospitals.com/doctors/medical-oncologist/guwahati/dr-chidananda-bhuyan
India,Hyderabad,"Apollo Health City, Jubilee Hills, Hyderabad","Cancer Care","Dr P Vijay Anand Reddy",https://www.apollohospitals.com/doctors/radiation-oncologist/hyderabad/dr-p-vijay-anand-reddy
India,Hyderabad,"Apollo Health City, Jubilee Hills, Hyderabad","Cancer Care","Dr Umanath Nayak Karopadi",https://www.apollohospitals.com/doctors/head-and-neck-oncology/hyderabad/dr-umanath-nayak-karopadi
India,Mumbai,"Apollo Hospitals, Mumbai","Cancer Care","Dr Jyoti Bajpai",https://www.apollohospitals.com/doctors/oncologist/mumbai/dr-prof-jyoti-bajpai
India,Kolkata,"Apollo Multispeciality Hospitals, EM Bypass, Kolkata","Cancer Care","Dr Subir Gangopadhyay",https://www.apollohospitals.com/doctors/radiation-oncologist/kolkata/dr-subir-gangopadhyay
India,Chennai,"Apollo Speciality Hospitals, Teynampet, Chennai","Cancer Care","Dr Ramanan S G",https://www.apollohospitals.com/doctors/medical-oncologist/chennai/dr-ramanan-s-g
India,Chennai,"Apollo Hospitals, Greams Road, Chennai","Cancer Care","Dr Prabu P",https://www.apollohospitals.com/doctors/haematologist/chennai/dr-prabu-p
India,Chennai,"Apollo Speciality Hospitals, Teynampet, Chennai","Cancer Care","Dr Syed Afroze Hussain",https://www.apollohospitals.com/doctors/surgical-oncologist/chennai/dr-syed-afroze-hussain
India,Ahmedabad,"Apollo Hospitals International Ltd, Ahmedabad","Cancer Care","Dr Anagha Zope",https://www.apollohospitals.com/doctors/breast-surgeon/ahmedabad/dr-anagha-zope
India,Kolkata,"Apollo Multispeciality Hospitals, EM Bypass, Kolkata","Cancer Care","Dr Rajat Bhattacharyya",https://www.apollohospitals.com/doctors/paediatric-haematology/kolkata/dr-rajat-bhattacharyya
India,Delhi,"Apollo Hospitals, Delhi","Cancer Care","Dr Parag Kumar",https://www.apollohospitals.com/doctors/surgical-oncologist/delhi/dr-parag-kumar
India,Bilaspur,"Apollo Hospitals, Bilaspur","Cancer Care","Dr Amit Kumar Verma",https://www.apollohospitals.com/doctors/general-and-onco-surgeon/bilaspur/dr-amit-kumar-verma
India,Chennai,"Apollo Speciality Hospitals, Teynampet, Chennai","Cancer Care","Dr Shankar Vangipuram",https://www.apollohospitals.com/doctors/radiation-oncologist/chennai/dr-shankar-vangipuram
India,Delhi,"Apollo Hospitals, Delhi","Cancer Care","Dr Gaurav Kharya",https://www.apollohospitals.com/doctors/paediatric-haematology/delhi/dr-gaurav-kharya
India,Hyderabad,"Apollo Health City, Jubilee Hills, Hyderabad","Cancer Care","Dr S V S S Prasad",https://www.apollohospitals.com/doctors/medical-oncologist/hyderabad/dr-s-v-s-s-prasad
India,Visakhapatnam,"Apollo Hospitals Health City, Arilova, Vizag","Cancer Care","Dr Aditya Narayan",https://www.apollohospitals.com/doctors/radiation-oncologist/visakhapatnam/dr-aditya-narayan
India,Kolkata,"Apollo Hospitals - Narendrapur","Cancer Care","Dr Chirasree Sanyal",https://www.apollohospitals.com/doctors/haemato-oncology-and-bone-marrow-transplant/kolkata/dr-chirasree-sanyal
India,Pune,"Apollo Hospitals, Pune","Cancer Care","Dr Vibha Bafna",https://www.apollohospitals.com/doctors/paediatric-haematology/pune/dr-vibha-bafna
India,Kolkata,"Apollo Multispeciality Hospitals, EM Bypass, Kolkata","Cancer Care","Dr Soumya Bhattacharya",https://www.apollohospitals.com/doctors/haematologist/kolkata/dr-soumya-bhattacharya
India,Kolkata,"Apollo Multispeciality Hospitals, EM Bypass, Kolkata","Cancer Care","Dr Subrata Saha",https://www.apollohospitals.com/doctors/radiation-oncologist/kolkata/dr-subrata-saha
India,Chennai,"Apollo Speciality Hospitals, Teynampet, Chennai","Cancer Care","Dr Sanjay Chandrasekar",https://www.apollohospitals.com/doctors/radiation-oncologist/chennai/dr-sanjay-chandrasekar
India,Chennai,"Apollo Speciality Hospitals, Teynampet, Chennai","Cancer Care","Dr Sriprakash Duraisamy",https://www.apollohospitals.com/doctors/head-and-neck-surgical-oncology-and-skull-base-surgery/chennai/dr-sriprakash-duraisamy
India,Bangalore,"Apollo Hospitals, Bannerghatta Road, Bangalore","Cancer Care","Dr Sridhar P S",https://www.apollohospitals.com/doctors/radiation-oncologist/bangalore/dr-sridhar-p-s
India,Pune,"Apollo Hospitals, Pune","Cancer Care","Dr Amit Bhatt",https://www.apollohospitals.com/doctors/oncologist/pune/dr-amit-bhatt
India,Bangalore,"Apollo Hospitals, Bannerghatta Road, Bangalore","Cancer Care","Dr Suraj Manjunath",https://www.apollohospitals.com/doctors/surgical-oncologist/bangalore/dr-suraj-manjunath
India,Chennai,"Apollo Speciality Hospitals, Teynampet, Chennai","Cancer Care","Dr Srikanth Muralikrishnan",https://www.apollohospitals.com/doctors/haemato-oncologist/chennai/dr-srikanth-muralikrishnan
India,Hyderabad,"Apollo Health City, Jubilee Hills, Hyderabad","Cancer Care","Dr Trilok Pratap Singh Bhandari",https://www.apollohospitals.com/doctors/surgical-oncologist/hyderabad/dr-trilok-pratap-singh-bhandari
India,Hyderabad,"Apollo Health City, Jubilee Hills, Hyderabad","Cancer Care","Dr Praveen Kumar Dadireddy",https://www.apollohospitals.com/doctors/surgical-oncologist/hyderabad/dr-praveen-kumar-dadireddy
India,Delhi,"Apollo Hospitals, Delhi","Cancer Care","Dr Tapaswini Pradhan",https://www.apollohospitals.com/doctors/surgical-oncology/delhi/dr-tapaswini-pradhan
India,Mumbai,"Apollo Hospitals, Mumbai","Cancer Care","Dr Sandeep De",https://www.apollohospitals.com/doctors/oncologist/mumbai/dr-sandeep-de
India,Chennai,"Apollo Speciality Hospitals, Teynampet, Chennai","Cancer Care","Dr Kalaichelvi K",https://www.apollohospitals.com/doctors/medical-oncologist/chennai/dr-kalaichelvi-k
India,Kolkata,"Apollo Multispeciality Hospitals, EM Bypass, Kolkata","Cancer Care","Dr Shila Mitra",https://www.apollohospitals.com/doctors/radiation-oncologist/kolkata/dr-shila-mitra
India,Chennai,"Apollo Hospitals, Greams Road, Chennai","Cancer Care","Dr Prasad E",https://www.apollohospitals.com/doctors/medical-oncologist/chennai/dr-prasad-e
India,Hyderabad,"Apollo Health City, Jubilee Hills, Hyderabad","Cancer Care","Dr Sanjai Addla",https://www.apollohospitals.com/doctors/uro-oncologist/hyderabad/dr-sanjai-addla
India,Chennai,"Apollo Speciality Hospitals, Vanagaram, Chennai","Cancer Care","Dr Anitha Ramesh",https://www.apollohospitals.com/doctors/radiation-oncologist/chennai/dr-anitha-ramesh
India,Chennai,"Apollo Speciality Hospitals, Teynampet, Chennai","Cancer Care","Dr Jegan Niwas K",https://www.apollohospitals.com/doctors/medical-oncologist/chennai/dr-jegan-niwas-k
India,Mysore,"Apollo BGS Hospitals, Mysore","Cancer Care","Dr Naveen Jayaram",https://www.apollohospitals.com/doctors/medical-oncologist/mysore/dr-naveen-jayaram
India,Mumbai,"Apollo Hospitals, Mumbai","Cancer Care","Dr Nita S Nair",https://www.apollohospitals.com/doctors/oncologist/mumbai/dr-nita-nair
India,Bangalore,"Apollo Hospitals, Bannerghatta Road, Bangalore","Cancer Care","Dr Anitha Gopinath",https://www.apollohospitals.com/doctors/oncologist/bangalore/dr-anitha-gopinath
India,Hyderabad,"Apollo Health City, Jubilee Hills, Hyderabad","Cancer Care","Dr Sai Lakshmi Daayana",https://www.apollohospitals.com/doctors/gynec-oncology/hyderabad/dr-sai-lakshmi-daayana
India,Mysore,"Apollo BGS Hospitals, Mysore","Cancer Care","Dr Avinash C.B",https://www.apollohospitals.com/doctors/medical-oncologist/mysore/dr-avinash-c-b
India,Delhi,"Apollo Hospitals, Delhi","Cancer Care","Dr Nikhil Agrawal",https://www.apollohospitals.com/doctors/surgical-oncologist/delhi/dr-nikhil-agrawal
India,Delhi,"Apollo Hospitals, Delhi","Cancer Care","Dr Ruquaya Ahmad Mir",https://www.apollohospitals.com/doctors/surgical-oncologist/delhi/dr-ruquaya-ahmad-mir
India,Delhi,"Apollo Hospitals, Delhi","Cancer Care","Dr Akshay Tiwari",https://www.apollohospitals.com/doctors/oncologist/delhi/dr-akshay-tiwari
India,Delhi,"Apollo Hospitals, Delhi","Cancer Care","Dr Asit Arora",https://www.apollohospitals.com/doctors/surgical-oncologist/delhi/dr-asit-arora
India,Delhi,"Apollo Hospitals, Delhi","Cancer Care","Dr Devashish Tripathi",https://www.apollohospitals.com/doctors/radiation-oncologist/delhi/dr-devashish-tripathi
India,Delhi,"Apollo Hospitals, Delhi","Cancer Care","Dr Sapna Manocha Verma",https://www.apollohospitals.com/doctors/radiation-oncologist/delhi/dr-sapna-manocha-verma
India,Delhi,"Apollo Hospitals, Delhi","Cancer Care","Dr Shishir Seth",https://www.apollohospitals.com/doctors/haemato-oncology-and-bone-marrow-transplant/delhi/dr-shishir-seth
India,Kolkata,"Apollo Multispeciality Hospitals, EM Bypass, Kolkata","Cancer Care","Dr Prasenjit Chatterjee",https://www.apollohospitals.com/doctors/radiation-oncologist/kolkata/dr-prasenjit-chatterjee
India,Kolkata,"Apollo Multispeciality Hospitals, EM Bypass, Kolkata","Cancer Care","Dr Suparna Ghoshray",https://www.apollohospitals.com/doctors/radiation-oncologist/kolkata/dr-suparna-ghoshray
India,Kolkata,"Apollo Multispeciality Hospitals, EM Bypass, Kolkata","Cancer Care","Dr Vikash Kumar Agarwal",https://www.apollohospitals.com/doctors/surgical-oncologist/kolkata/dr-vikash-kumar-agarwal
India,Hyderabad,"Apollo Health City, Jubilee Hills, Hyderabad","Cancer Care","Dr Yugandhar Sarma L",https://www.apollohospitals.com/doctors/radiation-oncologist/hyderabad/dr-yugandhar-sarma-l
India,Bangalore,"Apollo Hospitals, Bannerghatta Road, Bangalore","Cancer Care","Dr M Vinay Ural",https://www.apollohospitals.com/doctors/radiation-oncologist/bangalore/dr-m-vinay-ural
India,Chennai,"Apollo Speciality Hospitals, Teynampet, Chennai","Cancer Care","Dr Mahadev P",https://www.apollohospitals.com/doctors/radiation-oncologist/chennai/dr-mahadev-p
India,Bangalore,"Apollo Hospitals, Bannerghatta Road, Bangalore","Cancer Care","Dr Prof Narasimhaiah Srinivasaiah",https://www.apollohospitals.com/doctors/colorectal-surgery/bangalore/dr-prof-narasimhaiah-srinivasaiah
India,Bangalore,"Apollo Hospitals, Bannerghatta Road, Bangalore","Cancer Care","Dr Rani Akhil Bhat",https://www.apollohospitals.com/doctors/gynec-oncology/bangalore/dr-rani-akhil-bhat
India,Chennai,"Apollo Speciality Hospitals, Teynampet, Chennai","Cancer Care","Dr Sankar Srinivasan",https://www.apollohospitals.com/doctors/medical-oncologist/chennai/dr-sankar-srinivasan
India,Chennai,"Apollo Proton Cancer Centre, Chennai","Cancer Care","Dr Srinivas Chilukuri",https://www.apollohospitals.com/doctors/radiation-oncologist/chennai/dr-srinivas-chilukuri
India,Chennai,"Apollo Speciality Hospitals, Teynampet, Chennai","Cancer Care","Dr Naveen Ravel",https://www.apollohospitals.com/doctors/medical-oncologist/chennai/dr-naveen-ravel
India,Chennai,"Apollo Speciality Hospitals, Teynampet, Chennai","Cancer Care","Dr Venkat P",https://www.apollohospitals.com/doctors/surgical-oncologist/chennai/dr-venkat-p
India,Chennai,"Apollo Speciality Hospitals, Teynampet, Chennai","Cancer Care","Dr Vikas Mahajan",https://www.apollohospitals.com/doctors/surgical-oncologist/chennai/dr-vikas-mahajan
India,Chennai,"Apollo Speciality Hospitals, Teynampet, Chennai","Cancer Care","Dr Ajit Pai",https://www.apollohospitals.com/doctors/surgical-oncologist/chennai/dr-ajit-pai
India,Guwahati,"Apollo Hospitals, Guwahati","Cancer Care","Dr Anupam Mahanta",https://www.apollohospitals.com/doctors/medical-oncologist/guwahati/dr-anupam-mahanta
India,Chennai,"Apollo Speciality Hospitals, Teynampet, Chennai","Cancer Care","Dr D Shakespeare",https://www.apollohospitals.com/doctors/radiation-oncologist/chennai/dr-d-shakespeare
India,Ahmedabad,"Apollo Hospitals International Ltd, Ahmedabad","Cancer Care","Dr Vishal Choksi",https://www.apollohospitals.com/doctors/head-and-neck-surgical-oncologist/ahmedabad/dr-vishal-choksi
India,Hyderabad,"Apollo Hospitals, Financial District","Cancer Care","Dr Vinitha Reddy Palwai",https://www.apollohospitals.com/doctors/radiation-oncologist/hyderabad/dr-vinitha-reddy-palwai
India,Chennai,"Apollo Speciality Hospitals, Teynampet, Chennai","Cancer Care","Dr Janarthinakani M",https://www.apollohospitals.com/doctors/radiation-oncologist/chennai/dr-janarthinakani-m
India,Hyderabad,"Apollo Hospitals, Financial District","Cancer Care","Dr Krishna Kiran Kannepalli",https://www.apollohospitals.com/doctors/surgical-oncologist/hyderabad/dr-krishna-kiran-kannepalli
India,Chennai,"Apollo Speciality Hospitals, Teynampet, Chennai","Cancer Care","Dr Rathna Devi",https://www.apollohospitals.com/doctors/radiation-oncologist/chennai/dr-rathna-devi
India,Bangalore,"Apollo Hospitals, Bannerghatta Road, Bangalore","Cancer Care","Dr P Subramanya Rao",https://www.apollohospitals.com/doctors/head-and-neck-surgical-oncologist/bangalore/dr-p-subramanya-rao
India,Bangalore,"Apollo Hospitals, Bannerghatta Road, Bangalore","Cancer Care","Dr (Prof.) Vishwanath S",https://www.apollohospitals.com/doctors/oncologist/bangalore/dr-vishwanath-s
India,Chennai,"Apollo Hospitals, Greams Road, Chennai","Cancer Care","Dr Deepak Balasubramanian",https://www.apollohospitals.com/doctors/head-and-neck-surgical-oncologist/chennai/dr-deepak-balasubramanian
India,Hyderabad,"Apollo Health City, Jubilee Hills, Hyderabad","Cancer Care","Dr Rajeev Reddy",https://www.apollohospitals.com/doctors/orthopedician/hyderabad/dr-rajeev-reddy
India,Chennai,"Apollo Speciality Hospitals, Teynampet, Chennai","Cancer Care","Dr Mani C S",https://www.apollohospitals.com/doctors/surgical-oncologist/chennai/dr-mani-c-s
India,Bangalore,"Apollo Hospitals, Bannerghatta Road, Bangalore","Cancer Care","Dr Vijay Bhaskar L",https://www.apollohospitals.com/doctors/radiation-oncologist/bangalore/dr-vijay-bhaskar-l
India,Chennai,"Apollo Hospitals ,Tondiarpet, Chennai","Cancer Care","Dr Jesupandian",https://www.apollohospitals.com/doctors/haemato-oncologist/chennai/dr-jesupandian
India,Bangalore,"Apollo Hospitals, Bannerghatta Road, Bangalore","Cancer Care","Dr Anil Kamath",https://www.apollohospitals.com/doctors/surgical-oncologist/bangalore/dr-anil-kamath
India,Delhi,"Apollo Hospitals, Delhi","Cancer Care","Dr Pakhee Aggarwal",https://www.apollohospitals.com/doctors/gynec-oncology/delhi/dr-pakhee-aggarwal
India,Delhi,"Apollo Athenaa Women's Cancer Centre, Delhi","Cancer Care","Dr Amita Naithani",https://www.apollohospitals.com/doctors/gynec-oncology/delhi/dr-amita-naithani
India,Delhi,"Apollo Hospitals, Delhi","Cancer Care","Dr Hardeep Singh",https://www.apollohospitals.com/doctors/plastic-and-reconstructive-surgery/delhi/dr-hardeep-singh
India,Delhi,"Apollo Hospitals, Delhi","Cancer Care","Dr Shefali Sardana",https://www.apollohospitals.com/doctors/medical-oncologist/delhi/dr-shefali-sardana
India,Hyderabad,"Apollo Health City, Jubilee Hills, Hyderabad","Cancer Care","Dr Kishore V Alapati",https://www.apollohospitals.com/doctors/colorectal-surgery/hyderabad/dr-kishore-v-alapati
India,Mumbai,"Apollo Hospitals, Mumbai","Cancer Care","Dr Ranjeet Bajpai",https://www.apollohospitals.com/doctors/oncologist/mumbai/dr-ranjeet-bajpai
India,Chennai,"Apollo Proton Cancer Centre, Chennai","Cancer Care","Dr Sandip Durah",https://www.apollohospitals.com/doctors/head-and-neck-oncology/chennai/dr-sandip-durah
India,Bangalore,"Apollo Hospitals, Bannerghatta Road, Bangalore","Cancer Care","Dr Vijay Agarwal",https://www.apollohospitals.com/doctors/medical-oncologist/bangalore/dr-vijay-agarwal
India,Ahmedabad,"Apollo Hospitals International Ltd, Ahmedabad","Cancer Care","Dr Chirag A Shah",https://www.apollohospitals.com/doctors/haemato-oncology-and-bmt/ahmedabad/dr-chirag-a-shah
India,Hyderabad,"Apollo Health City, Jubilee Hills, Hyderabad","Cancer Care","Dr Arsheed Hussain Hakeem",https://www.apollohospitals.com/doctors/surgical-oncologist/hyderabad/dr-arsheed-hussain-hakeem
India,Kolkata,"Apollo Multispeciality Hospitals, EM Bypass, Kolkata","Cancer Care","Dr Bivas Biswas",https://www.apollohospitals.com/doctors/medical-oncologist/kolkata/dr-bivas-biswas
India,Trichy,"Apollo Speciality Hospitals, Trichy","Cancer Care","Dr Prasanna Rammohan",https://www.apollohospitals.com/doctors/medical-oncologist/trichy/dr-prasanna-rammohan
India,Hyderabad,"Apollo Health City, Jubilee Hills, Hyderabad","Cancer Care","Dr Nikhil Suresh Ghadyalpatil",https://www.apollohospitals.com/doctors/medical-oncologist/hyderabad/dr-nikhil-suresh-ghadyalpatil
India,Chennai,"Apollo Speciality Hospitals, Vanagaram, Chennai","Cancer Care","Dr Suresh S",https://www.apollohospitals.com/doctors/medical-oncologist/chennai/dr-suresh-s
India,Kolkata,"Apollo Multispeciality Hospitals, EM Bypass, Kolkata","Cancer Care","Dr. Joydeep Ghosh",https://www.apollohospitals.com/doctors/medical-oncologist/kolkata/dr-joydeep-ghosh
India,Madurai,"Apollo Speciality Hospitals Madurai","Cancer Care","Dr Sarpparajan T K",https://www.apollohospitals.com/doctors/surgical-oncologist/madurai/dr-sarpparajan-t-k
India,Visakhapatnam,"Apollo Hospitals Health City, Arilova, Vizag","Cancer Care","Dr Suman Das",https://www.apollohospitals.com/doctors/radiation-oncologist/visakhapatnam/dr-suman-das
India,Madurai,"Apollo Speciality Hospitals Madurai","Cancer Care","Dr Devanand J",https://www.apollohospitals.com/doctors/medical-oncologist/madurai/dr-devanand-j
India,Hyderabad,"Apollo Health City, Jubilee Hills, Hyderabad","Cancer Care","Dr Prashant Upadhyay",https://www.apollohospitals.com/doctors/radiation-oncologist/hyderabad/dr-prashant-upadhyay
India,Bhubaneswar,"Apollo Hospitals, Bhubaneswar","Cancer Care","Dr Sandeep Mazumder",https://www.apollohospitals.com/doctors/radiation-oncologist/bhubaneswar/dr-sandeep-mazumder
India,Mumbai,"Apollo Hospitals, Mumbai","Cancer Care","Dr Mahendra Pal",https://www.apollohospitals.com/doctors/uro-oncologist/mumbai/dr-mahendra-pal
India,Ahmedabad,"Apollo Hospitals International Ltd, Ahmedabad","Cancer Care","Dr Akash Shah",https://www.apollohospitals.com/doctors/medical-oncologist/ahmedabad/dr-akash-shah
India,Delhi,"Apollo Hospitals, Delhi","Cancer Care","Dr Aditi Aggarwal",https://www.apollohospitals.com/doctors/radiation-oncologist/delhi/dr-aditi-aggarwal
India,Delhi,"Apollo Hospitals, Delhi","Cancer Care","Dr Feroz Pasha",https://www.apollohospitals.com/doctors/surgical-oncologist/delhi/dr-feroz-pasha
India,Ahmedabad,"Apollo Hospitals International Ltd, Ahmedabad","Cancer Care","Dr Chirag Amin",https://www.apollohospitals.com/doctors/radiation-oncologist/ahmedabad/dr-chirag-amin
India,Kolkata,"Apollo Multispeciality Hospitals, EM Bypass, Kolkata","Cancer Care","Dr Tanweer Shahid",https://www.apollohospitals.com/doctors/radiation-oncologist/kolkata/dr-tanweer-shahid
India,Kolkata,"Apollo Hospitals - Narendrapur","Cancer Care","Dr Prosenjit Das",https://www.apollohospitals.com/doctors/surgical-oncologist/kolkata/dr-prosenjit-das
India,Kolkata,"Apollo Multispeciality Hospitals, EM Bypass, Kolkata","Cancer Care","Dr Suvadip Chakrabarti",https://www.apollohospitals.com/doctors/surgical-oncologist/kolkata/dr-suvadip-chakrabarti
India,Kolkata,"Apollo Multispeciality Hospitals, EM Bypass, Kolkata","Cancer Care","Dr Akhter Jawade",https://www.apollohospitals.com/doctors/radiation-oncologist/kolkata/dr-akhter-jawade
India,Hyderabad,"Apollo Health City, Jubilee Hills, Hyderabad","Cancer Care","Dr Padmaja Lokireddy",https://www.apollohospitals.com/doctors/haemato-oncology-and-bone-marrow-transplant/hyderabad/dr-padmaja-lokireddy
India,Chennai,"Apollo Speciality Hospitals, Vanagaram, Chennai","Cancer Care","Dr Gouthaman S",https://www.apollohospitals.com/doctors/surgical-oncologist/chennai/dr-gouthaman-s
India,Pune,"Apollo Hospitals, Pune","Cancer Care","Dr Ritu Dave",https://www.apollohospitals.com/doctors/medical-oncologist/pune/dr-ritu-dave
India,Lucknow,"Apollo Hospitals Lucknow","Cancer Care","Dr Tarun Batra",https://www.apollohospitals.com/doctors/surgical-oncologist/lucknow/dr-tarun-batra
India,Kolkata,"Apollo Hospitals - Narendrapur","Cancer Care","Dr Dipanjan Majumder",https://www.apollohospitals.com/doctors/radiation-oncologist/kolkata/dr-dipanjan-majumder
India,Delhi,"Apollo Hospitals, Delhi","Cancer Care","Dr Kumar Rishikesh",https://www.apollohospitals.com/doctors/medical-oncologist/delhi/dr-kumar-rishikesh
India,Noida,"Apollo Hospitals Noida","Cancer Care","Dr Deepak Kumar Jain",https://www.apollohospitals.com/doctors/surgical-oncologist/noida/dr-deepak-kumar-jain
India,Delhi,"Apollo Athenaa Women's Cancer Centre, Delhi","Cancer Care","Dr Samarth Gupta",https://www.apollohospitals.com/doctors/plastic-and-reconstructive-surgery/delhi/dr-samarth-gupta
India,Delhi,"Apollo Hospitals, Delhi","Cancer Care","Dr Ajay Gupta",https://www.apollohospitals.com/doctors/medical-oncologist/delhi/dr-ajay-gupta
India,Pune,"Apollo Hospitals, Pune","Cancer Care","Dr. Sanket Bankar",https://www.apollohospitals.com/doctors/surgical-oncologist/pune/dr-sanket-bankar
India,Ahmedabad,"Apollo Hospitals International Ltd, Ahmedabad","Cancer Care","Dr Swati Shah",https://www.apollohospitals.com/doctors/surgical-oncologist/ahmedabad/dr-swati-shah
India,Ahmedabad,"Apollo Hospitals International Ltd, Ahmedabad","Cancer Care","Dr Harsh Shah",https://www.apollohospitals.com/doctors/surgical-oncologist/ahmedabad/dr-harsh-shah
India,Ahmedabad,"Apollo Hospitals International Ltd, Ahmedabad","Cancer Care","Dr Shubha Sinha",https://www.apollohospitals.com/doctors/breast-surgeon/ahmedabad/dr-shubha-sinha
India,Kolkata,"Apollo Multispeciality Hospitals, EM Bypass, Kolkata","Cancer Care","Dr Suchanda Goswami",https://www.apollohospitals.com/doctors/radiation-oncologist/kolkata/dr-suchanda-goswami
India,Kolkata,"Apollo Multispeciality Hospitals, EM Bypass, Kolkata","Cancer Care","Dr Tanmoy Mukhopadhyay",https://www.apollohospitals.com/doctors/radiation-oncologist/kolkata/dr-tanmoy-mukhopadhyay
India,Kolkata,"Apollo Multispeciality Hospitals, EM Bypass, Kolkata","Cancer Care","Dr Anupam Chakrapani",https://www.apollohospitals.com/doctors/haematologist/kolkata/dr-anupam-chakrapani
India,Chennai,"Apollo Proton Cancer Centre, Chennai","Cancer Care","Dr Sujith Kumar Mullapally",https://www.apollohospitals.com/doctors/medical-oncologist/chennai/dr-sujith-kumar-mullapally
India,Chennai,"Apollo Proton Cancer Centre, Chennai","Cancer Care","Dr Naveen Hedne C",https://www.apollohospitals.com/doctors/head-and-neck-oncology/chennai/dr-naveen-hedne-c
India,Chennai,"Apollo Speciality Hospitals, Teynampet, Chennai","Cancer Care","Dr Mohamed Zehran Saipillai",https://www.apollohospitals.com/doctors/medical-oncologist/chennai/dr-mohamed-zehran-saipillai
India,Hyderabad,"Apollo Health City, Jubilee Hills, Hyderabad","Cancer Care","Dr Venkata Sampath V",https://www.apollohospitals.com/doctors/medical-oncologist/hyderabad/dr-venkata-sampath-v
India,Mumbai,"Apollo Hospitals, Mumbai","Cancer Care","Dr Vivek Venkatramani",https://www.apollohospitals.com/doctors/oncologist/mumbai/dr-vivek-venkatramani
India,Hyderabad,"Apollo Health City, Jubilee Hills, Hyderabad","Cancer Care","Dr Siddhartha Chakravarthy",https://www.apollohospitals.com/doctors/endocrine-and-breast-onco-surgery/hyderabad/dr-siddhartha-chakravarthy
India,Bhubaneswar,"Apollo Hospitals, Bhubaneswar","Cancer Care","Dr Prashant Chandra Das",https://www.apollohospitals.com/doctors/surgical-oncologist/bhubaneswar/dr-prashant-chandra-das
India,Chennai,"Apollo Speciality Hospitals, Vanagaram, Chennai","Cancer Care","Dr A C Senthil Kumar",https://www.apollohospitals.com/doctors/surgical-oncologist/chennai/dr-ac-senthil-kumar
India,Hyderabad,"Apollo Hospitals, Secunderabad, Hyderabad","Cancer Care","Dr M S S Keerthi",https://www.apollohospitals.com/doctors/surgical-oncologist/hyderabad/dr-m-s-s-keerthi
India,Hyderabad,"Apollo Hospitals, Financial District","Cancer Care","Dr K V Krishnamani",https://www.apollohospitals.com/doctors/medical-oncology-and-clinical-haematology/hyderabad/dr-k-v-krishnamani
India,Hyderabad,"Apollo Health City, Jubilee Hills, Hyderabad","Cancer Care","Dr Nanda K Bandlamudi",https://www.apollohospitals.com/doctors/colorectal-surgery/hyderabad/dr-nanda-k-bandlamudi
India,Kolkata,"Apollo Multispeciality Hospitals, EM Bypass, Kolkata","Cancer Care","Dr Sandip Ganguly",https://www.apollohospitals.com/doctors/medical-oncologist/kolkata/dr-sandip-ganguly
India,Mysore,"Apollo BGS Hospitals, Mysore","Cancer Care","Dr Chaitra Katakol",https://www.apollohospitals.com/doctors/radiation-oncologist/mysore/dr-chaitra-katakol
India,Delhi,"Apollo Hospitals, Delhi","Cancer Care","Dr Bhuvan Chugh",https://www.apollohospitals.com/doctors/medical-oncologist/delhi/dr-bhuvan-chugh
India,Pune,"Apollo Hospitals, Pune","Cancer Care","Dr Vidita Powle",https://www.apollohospitals.com/doctors/head-and-neck-surgical-oncologist/pune/dr-vidita-powle
India,Bhopal,"Apollo Sage Hospitals","Cancer Care","Dr Prateek Tiwari",https://www.apollohospitals.com/doctors/medical-oncologist/bhopal/dr-prateek-tiwari
India,Kolkata,"Apollo Multispeciality Hospitals, EM Bypass, Kolkata","Cancer Care","Dr Tarun Jindal",https://www.apollohospitals.com/doctors/surgical-oncologist/kolkata/dr-tarun-jindal
India,Hyderabad,"Apollo Hospitals, Hyderguda, Hyderabad","Cancer Care","Dr Sowmya Korukonda",https://www.apollohospitals.com/doctors/surgical-oncologist/hyderabad/dr-sowmya-korukonda
India,Chennai,"Apollo Speciality Hospitals, Vanagaram, Chennai","Cancer Care","Dr Harish Kumar K",https://www.apollohospitals.com/doctors/radiation-oncologist/chennai/dr-harish-kumar-k
India,Lucknow,"Apollo Hospitals Lucknow","Cancer Care","Dr Abhishek Pathak",https://www.apollohospitals.com/doctors/medical-oncologist/lucknow/dr-abhishek-pathak
India,Bangalore,"Apollo Hospitals, Seshadripuram, Bangalore","Cancer Care","Dr Ashwini R K",https://www.apollohospitals.com/doctors/surgical-oncologist/bangalore/dr-ashwini-rk
India,Hyderabad,"Apollo Health City, Jubilee Hills, Hyderabad","Cancer Care","Dr Pavan Kumar Boyella",https://www.apollohospitals.com/doctors/haematologist/hyderabad/dr-pavan-kumar-boyella
India,Chennai,"Apollo Speciality Hospitals, Teynampet, Chennai","Cancer Care","Dr G Lakshmi Narayana",https://www.apollohospitals.com/doctors/head-and-neck-surgical-oncologist/chennai/dr-g-lakshmi-narayana
India,Lucknow,"Apollo Hospitals Lucknow","Cancer Care","Dr Esha Pai",https://www.apollohospitals.com/doctors/surgical-oncologist/lucknow/dr-esha-pai-womens-cancer-specialist-lucknow
India,Cochin,"Apollo Adlux Hospital, Cochin","Cancer Care","Dr Philip George Kuttikat",https://www.apollohospitals.com/doctors/medical-oncologist/cochin/dr-philip-george-kuttikat
India,Delhi,"Apollo Hospitals, Delhi","Cancer Care","Dr Akshat Malik",https://www.apollohospitals.com/doctors/head-and-neck-surgical-oncologist/delhi/dr-akshat-malik
India,Delhi,"Apollo Hospitals, Delhi","Cancer Care","Dr Hiba Siddiqui",https://www.apollohospitals.com/doctors/oncologist/delhi/dr-hiba-siddiqui
India,Kolkata,"Apollo Multispeciality Hospitals, EM Bypass, Kolkata","Cancer Care","Dr Indranil Ghosh",https://www.apollohospitals.com/doctors/medical-oncologist/kolkata/dr-indranil-ghosh
India,Mumbai,"Apollo Hospitals, Mumbai","Cancer Care","Dr Punit L Jain",https://www.apollohospitals.com/doctors/oncologist/mumbai/dr-punit-l-jain
India,Madurai,"Apollo Speciality Hospitals Madurai","Cancer Care","Dr Sathish Srinivasan G",https://www.apollohospitals.com/doctors/radiation-oncologist/madurai/dr-sathish-srinivasan-g
India,Kolkata,"Apollo Multispeciality Hospitals, EM Bypass, Kolkata","Cancer Care","Dr Animesh Saha",https://www.apollohospitals.com/doctors/oncologist/kolkata/dr-animesh-saha
India,Hyderabad,"Apollo Health City, Jubilee Hills, Hyderabad","Cancer Care","Dr Asif Mehraj",https://www.apollohospitals.com/doctors/colorectal-surgery/hyderabad/dr-asif-mehraj
India,Bangalore,"Apollo Hospitals, Bannerghatta Road, Bangalore","Cancer Care","Dr Harish Kumar H",https://www.apollohospitals.com/doctors/surgical-oncologist/bangalore/dr-harish-kumar-h
India,Delhi,"Apollo Athenaa Women's Cancer Centre, Delhi","Cancer Care","Dr Karan Gupta",https://www.apollohospitals.com/doctors/head-and-neck-oncology/delhi/dr-karan-gupta
India,Chennai,"Apollo Speciality Hospitals, Teynampet, Chennai","Cancer Care","Dr Subathira B",https://www.apollohospitals.com/doctors/radiation-oncologist/chennai/dr-subathira-b
India,Guwahati,"Apollo Excelcare, Guwahati","Cancer Care","Dr Syed Adil Hassan",https://www.apollohospitals.com/doctors/medical-oncologist/guwahati/dr-syed-adil-hassan
India,Kolkata,"Apollo Multispeciality Hospitals, EM Bypass, Kolkata","Cancer Care","Dr Satadru Biswas",https://www.apollohospitals.com/doctors/oncologist/kolkata/dr-satadru-biswas
India,Kolkata,"Apollo Multispeciality Hospitals, EM Bypass, Kolkata","Cancer Care","Dr Mukti Mukherjee",https://www.apollohospitals.com/doctors/radiation-oncologist/kolkata/dr-mukti-mukherjee
India,Kolkata,"Apollo Multispeciality Hospitals, EM Bypass, Kolkata","Cancer Care","Dr Santanu Acharyya",https://www.apollohospitals.com/doctors/radiation-oncologist/kolkata/dr-santanu-acharyya
India,Kolkata,"Apollo Multispeciality Hospitals, EM Bypass, Kolkata","Cancer Care","Dr Suvro Ganguly",https://www.apollohospitals.com/doctors/surgical-oncologist/kolkata/dr-suvro-ganguly
India,Kolkata,"Apollo Multispeciality Hospitals, EM Bypass, Kolkata","Cancer Care","Dr Nipun Saha",https://www.apollohospitals.com/doctors/surgical-oncologist/kolkata/dr-nipun-saha
India,Kolkata,"Apollo Multispeciality Hospitals, EM Bypass, Kolkata","Cancer Care","Dr Monika Meena",https://www.apollohospitals.com/doctors/surgical-oncologist/kolkata/dr-monika-meena
India,Kolkata,"Apollo Multispeciality Hospitals, EM Bypass, Kolkata","Cancer Care","Dr Arundhati De",https://www.apollohospitals.com/doctors/radiation-oncologist/kolkata/dr-arundhati-de
India,Indore,"Apollo Hospitals, Indore","Cancer Care","Dr Hozefa Lokhandwala",https://www.apollohospitals.com/doctors/surgical-oncologist/indore/dr-hozefa-lokhandwala
India,Bhubaneswar,"Apollo Hospitals, Bhubaneswar","Cancer Care","Dr Samarendra Dash",https://www.apollohospitals.com/doctors/radiation-oncologist/bhubaneswar/dr-samarendra-dash
India,Bhubaneswar,"Apollo Hospitals, Bhubaneswar","Cancer Care","Dr Pritish Chandra Patra",https://www.apollohospitals.com/doctors/medical-oncology-and-clinical-haematology/bhubaneswar/dr-pritish-chandra-patra
India,Bangalore,"Apollo Hospitals, Seshadripuram, Bangalore","Cancer Care","Dr Prathyush V",https://www.apollohospitals.com/doctors/medical-oncologist/bangalore/dr-prathyush-v
India,Lucknow,"Apollo Hospitals Lucknow","Cancer Care","Dr Wasif Raza",https://www.apollohospitals.com/doctors/colorectal-and-general-surgery/lucknow/dr-wasif-raza
India,Bangalore,"Apollo Hospitals Sarjapur Road, Bangalore","Cancer Care","Dr Dhananjaya B M",https://www.apollohospitals.com/doctors/surgical-oncologist/bangalore/dr-dhananjaya-b-m
India,Hyderabad,"Apollo Hospitals, Financial District","Cancer Care","Dr Ramachandra Nagaraju Chavali",https://www.apollohospitals.com/doctors/surgical-oncologist/hyderabad/dr-ramachandra-nagaraju-chavali
India,Kolkata,"Apollo Hospitals, Bhubaneswar","Cancer Care","Dr Samarendra Das",https://www.apollohospitals.com/doctors/radiation-oncologist/kolkata/dr-samarendra-das
India,Delhi,"Apollo Hospitals, Delhi","Cancer Care","Dr Aditi Chaturvedi",https://www.apollohospitals.com/doctors/breast-surgeon/delhi/dr-aditi-chaturvedi
India,Bhopal,"Apollo Sage Hospitals","Cancer Care","Dr Saikat Dutta",https://www.apollohospitals.com/doctors/haematologist/bhopal/dr-saikat-dutta
India,Pune,"Apollo Hospitals, Pune","Cancer Care","Dr Snita Sinukumar",https://www.apollohospitals.com/doctors/surgical-oncologist/pune/dr-snita-sinukumar
India,Kolkata,"Apollo Multispeciality Hospitals, EM Bypass, Kolkata","Cancer Care","Dr Litan Naha Biswas",https://www.apollohospitals.com/doctors/radiation-oncologist/kolkata/dr-litan-naha-biswas
India,Kolkata,"Apollo Multispeciality Hospitals, EM Bypass, Kolkata","Cancer Care","Dr Sudipta Kumar Maitra",https://www.apollohospitals.com/doctors/surgical-oncologist/kolkata/dr-sudipta-kumar-maitra
India,Kolkata,"Apollo Multispeciality Hospitals, EM Bypass, Kolkata","Cancer Care","Dr Amit Dutt Dwary",https://www.apollohospitals.com/doctors/medical-oncologist/kolkata/dr-amit-dutt-dwary
India,Visakhapatnam,"Apollo Hospitals Health City, Arilova, Vizag","Cancer Care","Dr M P S Chandra Kalyan",https://www.apollohospitals.com/doctors/surgical-oncologist/visakhapatnam/dr-m-p-s-chandra-kalyan
India,Hyderabad,"Apollo Health City, Jubilee Hills, Hyderabad","Cancer Care","Dr Rahul Buggaveeti",https://www.apollohospitals.com/doctors/head-and-neck-oncology/hyderabad/dr-rahul-buggaveeti
India,Kolkata,"Apollo Multispeciality Hospitals, EM Bypass, Kolkata","Cancer Care","Dr Supratim Bhattacharyya",https://www.apollohospitals.com/doctors/surgical-oncologist/kolkata/dr-supratim-bhattacharyya
India,Mumbai,"Apollo Hospitals, Mumbai","Cancer Care","Dr Shrikanth Atluri",https://www.apollohospitals.com/doctors/oncologist/mumbai/dr-shrikanth-atluri
India,Hyderabad,"Apollo Health City, Jubilee Hills, Hyderabad","Cancer Care","Dr Abhishek Budharapu",https://www.apollohospitals.com/doctors/head-and-neck-surgical-oncologist/hyderabad/dr-abhishek-budharapu
India,Mumbai,"Apollo Hospitals, Mumbai","Cancer Care","Dr Siddharth W Turkar",https://www.apollohospitals.com/doctors/medical-oncologist/mumbai/dr-siddharth-w-turkar
India,Hyderabad,"Apollo Hospitals, Financial District","Cancer Care","Dr P Vijay Karan Reddy",https://www.apollohospitals.com/doctors/radiation-oncologist/hyderabad/dr-p-vijay-karan-reddy
India,Kolkata,"Apollo Hospitals - Narendrapur","Cancer Care","Dr Ritam Joarder",https://www.apollohospitals.com/doctors/medical-oncologist/kolkata/dr-ritam-joarder
India,Chennai,"Apollo Speciality Hospitals, Teynampet, Chennai","Cancer Care","Dr Rejiv Rajendranath",https://www.apollohospitals.com/doctors/medical-oncologist/chennai/dr-rejiv-rajendranath
India,Chennai,"Apollo Speciality Hospitals, Teynampet, Chennai","Cancer Care","Dr Abhijit Das",https://www.apollohospitals.com/doctors/surgical-oncologist/chennai/dr-abhijit-das
India,Chennai,"Apollo Speciality Hospitals, Teynampet, Chennai","Cancer Care","Dr Bhargavi Ilangovan",https://www.apollohospitals.com/doctors/radiation-oncologist/chennai/dr-bhargavi-ilangovan
India,Chennai,"Apollo Speciality Hospitals, Teynampet, Chennai","Cancer Care","Dr Jayachandran PK",https://www.apollohospitals.com/doctors/medical-oncologist/chennai/dr-jayachandran-pk
India,Noida,"Apollo Hospitals Noida","Cancer Care","Dr Minakshi Bansal Vora",https://www.apollohospitals.com/doctors/paediatric-oncology/noida/dr-minakshi-bansal-vora
India,Ahmedabad,"Apollo Hospitals International Ltd, Ahmedabad","Cancer Care","Dr Rushit Shah",https://www.apollohospitals.com/doctors/medical-oncologist/ahmedabad/dr-rushit-shah
India,Delhi,"Apollo Hospitals, Delhi","Cancer Care","Dr Harshit Garg",https://www.apollohospitals.com/doctors/uro-oncologist/delhi/dr-harshit-garg
India,Nashik,"Apollo Hospitals, Nashik","Cancer Care","Dr Ambarish Chatterjee",https://www.apollohospitals.com/doctors/surgical-oncologist/nashik/dr-ambarish-chatterjee
India,Kolkata,"Apollo Multispeciality Hospitals, EM Bypass, Kolkata","Cancer Care","Dr Tapas Kumar Kar",https://www.apollohospitals.com/doctors/surgical-oncologist/kolkata/dr-tapas-kumar-kar
India,Kolkata,"Apollo Multispeciality Hospitals, EM Bypass, Kolkata","Cancer Care","Dr Jibak Bhattacharya",https://www.apollohospitals.com/doctors/radiation-oncologist/kolkata/dr-jibak-bhattacharya
India,Kolkata,"Apollo Multispeciality Hospitals, EM Bypass, Kolkata","Cancer Care","Dr Debapriya Mondal",https://www.apollohospitals.com/doctors/medical-oncologist/kolkata/dr-debapriya-mondal
India,Hyderabad,"Apollo Health City, Jubilee Hills, Hyderabad","Cancer Care","Dr Satyesh Nadella",https://www.apollohospitals.com/doctors/radiation-oncologist/hyderabad/dr-satyesh-nadella
India,Mumbai,"Apollo Hospitals, Mumbai","Cancer Care","Dr Rajesh Shinde",https://www.apollohospitals.com/doctors/oncologist/mumbai/dr-rajesh-shinde
India,Visakhapatnam,"Apollo Hospitals Health City, Arilova, Vizag","Cancer Care","Dr Rakesh Reddy Boya",https://www.apollohospitals.com/doctors/medical-oncologist/visakhapatnam/dr-rakesh-reddy-boya
India,Hyderabad,"Apollo Health City, Jubilee Hills, Hyderabad","Cancer Care","Dr Shilpareddy Keesara",https://www.apollohospitals.com/doctors/radiation-oncologist/hyderabad/dr-shilpareddy-keesara
India,Bangalore,"Apollo Hospitals, Bannerghatta Road, Bangalore","Cancer Care","Dr Neema Bhat",https://www.apollohospitals.com/doctors/medical-oncology-and-clinical-haematology/bangalore/dr-neema-bhat
India,Mumbai,"Apollo Hospitals, Mumbai","Cancer Care","Dr Vipin Khandelwal",https://www.apollohospitals.com/doctors/oncologist/mumbai/dr-vipin-khandelwal
India,Bangalore,"Apollo Hospitals, Bannerghatta Road, Bangalore","Cancer Care","Dr Aniruddha Burli",https://www.apollohospitals.com/doctors/medical-oncology-and-clinical-haematology/bangalore/dr-aniruddha-burli
India,Hyderabad,"Apollo Health City, Jubilee Hills, Hyderabad","Cancer Care","Dr Ajesh Raj Saksena",https://www.apollohospitals.com/doctors/surgical-oncologist/hyderabad/dr-ajesh-raj-saksena
India,Lucknow,"Apollo Hospitals Lucknow","Cancer Care","Dr Animesh Agarwal",https://www.apollohospitals.com/doctors/medical-oncologist/lucknow/dr-animesh-agarwal
India,Delhi,"Apollo Hospitals, Delhi","Cancer Care","Dr Dipanjan Panda",https://www.apollohospitals.com/doctors/medical-oncologist/delhi/dr-dipanjan-panda
India,Madurai,"Apollo Speciality Hospitals Madurai","Cancer Care","Dr Deenadayalan T",https://www.apollohospitals.com/doctors/medical-oncologist/madurai/dr-deenadayalan-t
India,Bangalore,"Apollo Cancer Centres, Electronic City, Bangalore","Cancer Care","Dr Sangeetha K P",https://www.apollohospitals.com/doctors/medical-oncologist/bangalore/dr-sangeetha-k-p
India,Visakhapatnam,"Apollo Hospitals Health City, Arilova, Vizag","Cancer Care","Dr Kondamudi Dheeraj",https://www.apollohospitals.com/doctors/head-and-neck-surgical-oncologist/visakhapatnam/dr-kondamudi-dheeraj
India,Chennai,"Apollo Speciality Hospitals, Vanagaram, Chennai","Cancer Care","Dr Umashankar Prakasam",https://www.apollohospitals.com/doctors/surgical-oncologist/chennai/dr-umashankar-prakasam
India,Pune,"Apollo Hospitals, Pune","Cancer Care","Dr Asma Pathan",https://www.apollohospitals.com/doctors/medical-oncologist/pune/dr-asma-pathan
India,Bangalore,"Apollo Hospitals, Bannerghatta Road, Bangalore","Cancer Care","Dr Mahadev Abhishek M",https://www.apollohospitals.com/doctors/surgical-oncologist/bangalore/dr-mahadev-abhishek-m
India,Bhubaneswar,"Apollo Hospitals, Bhubaneswar","Cancer Care","Dr Manindra Nayak",https://www.apollohospitals.com/doctors/surgical-oncology/bhubaneshwar/dr-manindra-nayak
India,Bangalore,"Apollo Hospitals, Bannerghatta Road, Bangalore","Cancer Care","Dr. Anuradha P",https://www.apollohospitals.com/doctors/radiation-oncologist/bangalore/dr-anuradha-p
India,Kolkata,"Apollo Hospitals - Narendrapur","Cancer Care","Dr Kinjal Shankar Majumdar",https://www.apollohospitals.com/doctors/surgical-oncologist/kolkata/dr-kinjal-shankar-majumdar
India,Bangalore,"Apollo Hospitals Sarjapur Road, Bangalore","Cancer Care","Dr Kalyani Premchandra",https://www.apollohospitals.com/doctors/medical-oncologist/bangalore/dr-kalyani-premchandra
India,Chennai,"Apollo Speciality Hospitals, Vanagaram, Chennai","Cancer Care","Dr Madhupriya R G S",https://www.apollohospitals.com/doctors/surgical-oncology/chennai/dr-madhupriya-r-g-s
India,Delhi,"Apollo Hospitals, Delhi","Cancer Care","Dr Saraansh Bansal",https://www.apollohospitals.com/doctors/surgical-oncologist/delhi/dr-saraansh-bansal
India,Delhi,"Apollo Hospitals, Delhi","Cancer Care","Dr Love Kapoor",https://www.apollohospitals.com/doctors/oncologist/delhi/dr-love-kapoor
India,Delhi,"Apollo Athenaa Women's Cancer Centre, Delhi","Cancer Care","Dr Anshul Gupta",https://www.apollohospitals.com/doctors/medical-oncologist/delhi/dr-anshul-gupta
India,Delhi,"Apollo Hospitals, Delhi","Cancer Care","Dr Arpit Verma",https://www.apollohospitals.com/doctors/plastic-and-reconstructive-surgery/delhi/dr-arpit-verma
India,Ahmedabad,"Apollo Hospitals International Ltd, Ahmedabad","Cancer Care","Dr V R N Vijay Kumar",https://www.apollohospitals.com/doctors/surgical-oncologist/ahmedabad/dr-v-r-n-vijay-kumar
India,Pune,"Apollo Hospitals, Pune","Cancer Care","Dr Shweta Mutha",https://www.apollohospitals.com/doctors/radiation-oncologist/pune/dr-shweta-mutha
India,Bhopal,"Apollo Sage Hospitals","Cancer Care","Dr Rahul Agarwal",https://www.apollohospitals.com/doctors/surgical-oncologist/bhopal/dr-rahul-agarwal
India,Kolkata,"Apollo Multispeciality Hospitals, EM Bypass, Kolkata","Cancer Care","Dr Debmalya Bhattacharyya",https://www.apollohospitals.com/doctors/haematologist/kolkata/dr-debmalya-bhattacharyya
India,Lucknow,"Apollo Hospitals Lucknow","Cancer Care","Dr Priyanka Chauhan",https://www.apollohospitals.com/doctors/haemato-oncology-and-bone-marrow-transplant/lucknow/dr-priyanka-chauhan
India,Indore,"Apollo Hospitals, Indore","Cancer Care","Dr Satvik Khaddar",https://www.apollohospitals.com/doctors/medical-oncologist/indore/dr-satvik-khaddar
India,Bangalore,"Apollo Hospitals, Bannerghatta Road, Bangalore","Cancer Care","Dr Natarajan V",https://www.apollohospitals.com/doctors/radiation-oncologist/bangalore/dr-natarajan-v
India,Bhubaneswar,"Apollo Hospitals, Bhubaneswar","Cancer Care","Dr. Aditya Misra",https://www.apollohospitals.com/doctors/medical-oncologist/bhubaneswar/dr-aditya-misra
India,Bangalore,"Apollo Hospitals, Bannerghatta Road, Bangalore","Cancer Care","Dr Poonam Maurya",https://www.apollohospitals.com/doctors/medical-oncologist/bangalore/dr-poonam-maurya
India,Hyderabad,"Apollo Health City, Jubilee Hills, Hyderabad","Cancer Care","Dr B Shravanthi Reddy",https://www.apollohospitals.com/doctors/radiation-oncologist/hyderabad/dr-b-shravanthi-reddy
India,Nellore,"Apollo Specialty Hospitals, Nellore","Cancer Care","Dr Haritha C",https://www.apollohospitals.com/doctors/medical-oncologist/nellore/dr-haritha-c
India,Chennai,"Apollo Speciality Hospitals, Teynampet, Chennai","Cancer Care","Dr Kannan S",https://www.apollohospitals.com/doctors/head-and-neck-surgical-oncology-and-skull-base-surgery/chennai/dr-kannan-s
India,Chennai,"Apollo Speciality Hospitals, Teynampet, Chennai","Cancer Care","Dr Vishnu Ramanujan",https://www.apollohospitals.com/doctors/oncologist/chennai/dr-vishnu-ramanujan
India,Delhi,"Apollo Hospitals, Delhi","Cancer Care","Dr Garima Nirmal",https://www.apollohospitals.com/doctors/paediatric-haematology/delhi/dr-garima-nirmal
India,Delhi,"Apollo Hospitals, Delhi","Cancer Care","Dr Minakshi Bansal",https://www.apollohospitals.com/doctors/paediatric-haematology/delhi/dr-minakshi-bansal
India,Ahmedabad,"Apollo Hospitals International Ltd, Ahmedabad","Cancer Care","Dr Vijaykumar S Shirure",https://www.apollohospitals.com/doctors/haemato-oncology-and-bmt/ahmedabad/dr-vijaykumar-s-shirure
India,Hyderabad,"Apollo Health City, Jubilee Hills, Hyderabad","Cancer Care","Dr Rekha Bansal",https://www.apollohospitals.com/doctors/medical-oncologist/hyderabad/dr-rekha-bansal
India,Mumbai,"Apollo Hospitals, Mumbai","Cancer Care","Dr Richa Ashok Bansal",https://www.apollohospitals.com/doctors/oncologist/mumbai/dr-richa-ashok-bansal
India,Madurai,"Apollo Speciality Hospitals Madurai","Cancer Care","Dr Balumahendra K",https://www.apollohospitals.com/doctors/surgical-oncologist/madurai/dr-balumahendra-k
India,Mumbai,"Apollo Hospitals, Mumbai","Cancer Care","Dr Ashwin Sunil Tamhankar",https://www.apollohospitals.com/doctors/oncologist/mumbai/dr-ashwin-sunil-tamhankar
India,Mumbai,"Apollo Hospitals, Mumbai","Cancer Care","Dr Dipalee Bharatrao Borade",https://www.apollohospitals.com/doctors/radiation-oncologist/mumbai/dr-dipalee-bharatrao-borade
India,Bangalore,"Apollo Hospitals, Bannerghatta Road, Bangalore","Cancer Care","Dr Manish C A",https://www.apollohospitals.com/doctors/urologist/bangalore/dr-manish-c-a
India,Hyderabad,"Apollo Hospitals, Financial District","Cancer Care","Dr Sindhu Pericherla",https://www.apollohospitals.com/doctors/medical-oncologist/hyderabad/dr-sindhu-pericherla
India,Hyderabad,"Apollo Hospitals, Financial District","Cancer Care","Dr  Rahul D L",https://www.apollohospitals.com/doctors/radiation-oncologist/hyderabad/dr-rahul-d-l
India,Hyderabad,"Apollo Health City, Jubilee Hills, Hyderabad","Cancer Care","Dr Sravan Kumar. Dubasi",https://www.apollohospitals.com/doctors/medical-oncologist/hyderabad/dr-sravan-kumar-dubasi
India,Bangalore,"Apollo Hospitals, Bannerghatta Road, Bangalore","Cancer Care","Dr Monisha P",https://www.apollohospitals.com/doctors/head-and-neck-surgical-oncologist/bangalore/dr-monisha-p
India,Hyderabad,"Apollo Health City, Jubilee Hills, Hyderabad","Cancer Care","Dr Rahul Surapaneni",https://www.apollohospitals.com/doctors/surgical-oncologist/hyderabad/dr-rahul-surapaneni
India,Nellore,"Apollo Specialty Hospitals, Nellore","Cancer Care","Dr G V V Prasad Reddy",https://www.apollohospitals.com/doctors/surgical-oncologist/nellore/dr-g-v-v-prasad-reddy
India,Delhi,"Apollo Hospitals, Delhi","Cancer Care","Dr Ghazal Tansir",https://www.apollohospitals.com/doctors/medical-oncologist/delhi/dr-ghazal-tansir
India,Pune,"Apollo Hospitals, Pune","Cancer Care","Dr Reshma Puranik",https://www.apollohospitals.com/doctors/oncologist/pune/dr-reshma-puranik
India,Pune,"Apollo Hospitals, Pune","Cancer Care","Dr Aditya Kulkarni",https://www.apollohospitals.com/doctors/oncologist/pune/dr-aditya-kulkarni
India,Pune,"Apollo Hospitals, Pune","Cancer Care","Dr Urmi Sheth",https://www.apollohospitals.com/doctors/hematologist/pune/dr-urmi-sheth
India,Mumbai,"Apollo Hospitals, Mumbai","Cancer Care","Dr Sataksi Chatterjee",https://www.apollohospitals.com/doctors/oncology-head-and-neck-surgery/mumbai/dr-sataksi-chatterjee
India,Chennai,"Apollo Proton Cancer Centre, Chennai","Cancer Care","Dr Phanendra Kumar Gubbala",https://www.apollohospitals.com/doctors/gynec-oncology/chennai/dr-phanendra-kumar-gubbala
India,Lucknow,"Apollo Hospitals Lucknow","Cancer Care","Dr Abhimanyu Rao Kadapathri",https://www.apollohospitals.com/doctors/head-and-neck-oncology/lucknow/dr-abhimanyu-rao-kadapathri
India,Visakhapatnam,"Apollo Hospitals Health City, Arilova, Vizag","Cancer Care","Dr Mutnuru Venkata Ramana",https://www.apollohospitals.com/doctors/radiation-oncologist/visakhapatnam/dr-m-venkataramana
India,Chennai,"Apollo Speciality Hospitals, Teynampet, Chennai","Cancer Care","Dr Asha Reddy",https://www.apollohospitals.com/doctors/breast-surgeon/chennai/dr-asha-reddy
India,Lucknow,"Apollo Hospitals Lucknow","Cancer Care","Dr Harshit Srivastava",https://www.apollohospitals.com/doctors/surgical-oncologist/lucknow/dr-harshit-srivastava
India,Bangalore,"Apollo Hospitals, Bannerghatta Road, Bangalore","Cancer Care","Dr Khyati Melanta",https://www.apollohospitals.com/doctors/surgical-oncologist/bangalore/dr-khyati-melanta
India,Hyderabad,"Apollo Hospitals, Financial District","Cancer Care","Dr B Namratha Sai Reddy",https://www.apollohospitals.com/doctors/medical-oncologist/hyderabad/dr-b-namratha-sai-reddy
India,Lucknow,"Apollo Hospitals Lucknow","Cancer Care","Dr Ayush Garg",https://www.apollohospitals.com/doctors/radiation-oncologist/lucknow/dr-ayush-garg
India,Pune,"Apollo Hospitals, Pune","Cancer Care","Dr Ashwin Rajbhoj",https://www.apollohospitals.com/doctors/oncology/pune/dr-ashwin-rajbhoj
India,Bhopal,"Apollo Sage Hospitals","Cancer Care","Dr Sachin Bansal",https://www.apollohospitals.com/doctors/haematologist/bhopal/dr-sachin-bansal
India,Trichy,"Apollo Speciality Hospitals, Trichy","Cancer Care","Dr Vijayasarathy S",https://www.apollohospitals.com/doctors/surgical-oncologist/trichy/dr-vijayasarathy-s
India,Guwahati,"Apollo Hospitals, Guwahati","Cancer Care","Dr Abhijit Phukan",https://www.apollohospitals.com/doctors/haemato-oncologist/guwahati/dr-abhijit-phukan
India,Lucknow,"Apollo Hospitals Lucknow","Cancer Care","Dr Nabila Anjum",https://www.apollohospitals.com/doctors/radiation-oncologist/lucknow/dr-nabila-anjum
India,Bangalore,"Apollo Hospitals, Bannerghatta Road, Bangalore","Cancer Care","Dr Spoorthi Reddy",https://www.apollohospitals.com/doctors/medical-oncologist/bangalore/dr-spoorthi-reddy
India,Visakhapatnam,"Apollo Hospitals Health City, Arilova, Vizag","Cancer Care","Dr Venkatesh Kapu",https://www.apollohospitals.com/doctors/medical-oncologist/visakhapatnam/dr-venkatesh-kapu
India,Guwahati,"Apollo Excelcare, Guwahati","Cancer Care","Dr Kiran Kamalasanan",https://www.apollohospitals.com/doctors/surgical-oncologist/guwahati/dr-kiran-kamalasanan
India,Visakhapatnam,"Apollo Hospitals Health City, Arilova, Vizag","Cancer Care","Dr Palayalasa Niranjan",https://www.apollohospitals.com/doctors/surgical-oncologist/visakhapatnam/dr-palayalasa-niranjan
India,Bangalore,"Apollo Hospitals, Bannerghatta Road, Bangalore","Cancer Care","Dr Akhila N T",https://www.apollohospitals.com/doctors/surgical-oncologist/bangalore/dr-akhila-n-t
India,Bangalore,"Apollo Hospitals Sarjapur Road, Bangalore","Cancer Care","Dr Sireesh Kumar Ch",https://www.apollohospitals.com/doctors/medical-oncologist/bangalore/dr-sireesh-kumar-ch
India,Bangalore,"Apollo Hospitals, Bannerghatta Road, Bangalore","Cancer Care","Dr Darshan R S",https://www.apollohospitals.com/doctors/medical-oncologist/bangalore/dr-darshan-r-s
India,Rourkela,"Apollo Super Speciality Hospital, Rourkela","Cancer Care","Dr Ravi Shankar",https://www.apollohospitals.com/doctors/oncologist/rourkela/dr-ravi-shankar
India,Bilaspur,"Apollo Hospitals, Bilaspur","Cancer Care","Dr Amol Padegaonkar",https://www.apollohospitals.com/doctors/surgical-oncologist/bilaspur/dr-amol-padegaonkar
India,Mysore,"Apollo BGS Hospitals, Mysore","Cancer Care","Dr Ramya Y",https://www.apollohospitals.com/doctors/surgical-oncologist/mysore/dr-ramya-y
India,Delhi,"Apollo Hospitals, Delhi","Cancer Care","Dr Archana Sasi",https://www.apollohospitals.com/doctors/medical-oncologist/delhi/dr-archana-sasi
India,Hyderabad,"Apollo Health City, Jubilee Hills, Hyderabad","Cancer Care","Dr Sri Sai Tejaswini Muddana",https://www.apollohospitals.com/doctors/radiation-oncologist/hyderabad/dr-sri-sai-tejaswini-muddana
India,Hyderabad,"Apollo Hospitals, Secunderabad, Hyderabad","Cancer Care","Dr Gurram Sreeram",https://www.apollohospitals.com/doctors/medical-oncologist/hyderabad/dr-gurram-sreeram
India,Bilaspur,"Apollo Hospitals, Bilaspur","Cancer Care","Dr Sourav Paul",https://www.apollohospitals.com/doctors/radiation-oncologist/bilaspur/dr-sourav-paul
India,Bilaspur,"Apollo Hospitals, Bilaspur","Cancer Care","Dr Juhi",https://www.apollohospitals.com/doctors/radiation-oncologist/bilaspur/dr-juhi
India,Delhi,"Apollo Hospitals, Delhi",Nephrology,"Dr Col Akhil Mishra V S M",https://www.apollohospitals.com/doctors/nephrologist/delhi/dr-col-akhil-mishra-v-s-m
India,Madurai,"Apollo Speciality Hospitals Madurai",Nephrology,"Dr Soundara Pandian P",https://www.apollohospitals.com/doctors/nephrologist/madurai/dr-soundara-pandian-p
India,Bangalore,"Apollo Hospitals, Bannerghatta Road, Bangalore",Nephrology,"Dr Gokul Nath",https://www.apollohospitals.com/doctors/nephrologist/bangalore/dr-gokul-nath
India,Lucknow,"Apollo Hospitals Lucknow",Nephrology,"Dr Amit Gupta",https://www.apollohospitals.com/doctors/nephrologist/lucknow/dr-amit-gupta
India,Visakhapatnam,"Apollo Hospitals Health City, Arilova, Vizag",Nephrology,"Dr Ravi Raju Tatapudi",https://www.apollohospitals.com/doctors/nephrologist/visakhapatnam/dr-ravi-raju-tatapudi
India,Delhi,"Apollo Hospitals, Delhi",Nephrology,"Dr Ashok Sarin",https://www.apollohospitals.com/doctors/nephrologist/delhi/dr-ashok-sarin
India,Kolkata,"Apollo Multispeciality Hospitals, EM Bypass, Kolkata",Nephrology,"Dr V V Lakshminarayanan",https://www.apollohospitals.com/doctors/nephrologist/kolkata/dr-v-v-lakshminarayanan
India,Chennai,"Apollo Speciality Hospitals, Vanagaram, Chennai",Nephrology,"Dr Soundararajan Periyasamy",https://www.apollohospitals.com/doctors/nephrologist/chennai/dr-soundararajan-periyasamy
India,Chennai,"Apollo Hospitals, Greams Road, Chennai",Nephrology,"Dr Prakash K C",https://www.apollohospitals.com/doctors/nephrologist/chennai/dr-prakash-k-c
India,Chennai,"Apollo Speciality Hospitals, Vanagaram, Chennai",Nephrology,"Dr Ravikumar N R",https://www.apollohospitals.com/doctors/nephrologist/chennai/dr-ravikumar-n-r
India,Chennai,"Apollo Hospitals, Greams Road, Chennai",Nephrology,"Dr Subba Rao B",https://www.apollohospitals.com/doctors/nephrologist/chennai/dr-subba-rao-b
India,Kolkata,"Apollo Multispeciality Hospitals, EM Bypass, Kolkata",Nephrology,"Dr Abhijit Taraphder",https://www.apollohospitals.com/doctors/nephrologist/kolkata/dr-abhijit-taraphder
India,Bangalore,"Apollo Hospitals, Seshadripuram, Bangalore",Nephrology,"Dr Vasantha Kumar R S",https://www.apollohospitals.com/doctors/nephrologist/bangalore/dr-vasantha-kumar-r-s
India,Rourkela,"Apollo Super Speciality Hospital, Rourkela",Nephrology,"Dr Umesh Chandra Sahu",https://www.apollohospitals.com/doctors/nephrologist/rourkela/dr-umesh-chandra-sahu
India,Chennai,"Apollo Hospitals, Greams Road, Chennai",Nephrology,"Dr S Rajagopalan Seshadri",https://www.apollohospitals.com/doctors/nephrologist/chennai/dr-s-rajagopalan-seshadri
India,Delhi,"Apollo Hospitals, Delhi",Nephrology,"Dr Sanjiv Jasuja",https://www.apollohospitals.com/doctors/nephrologist/delhi/dr-sanjiv-jasuja
India,Noida,"Apollo Hospitals Noida",Nephrology,"Dr Samir Tawakley",https://www.apollohospitals.com/doctors/nephrologist/noida/dr-samir-tawakley
India,Nellore,"Apollo Specialty Hospitals, Nellore",Nephrology,"Dr Chakravarthy A K",https://www.apollohospitals.com/doctors/nephrologist/nellore/dr-chakravarthy-a-k
India,Indore,"Apollo Hospitals, Indore",Nephrology,"Dr Rubina Vohra",https://www.apollohospitals.com/doctors/nephrologist/indore/dr-rubina-vohra
India,Bilaspur,"Apollo Hospitals, Bilaspur",Nephrology,"Dr Jignesh Pandya",https://www.apollohospitals.com/doctors/nephrologist/bilaspur/dr-jignesh-pandya
India,Delhi,"Apollo Hospitals, Delhi",Nephrology,"Dr Kailash Nath Singh",https://www.apollohospitals.com/doctors/nephrologist/delhi/dr-kailash-nath-singh
India,Hyderabad,"Apollo Health City, Jubilee Hills, Hyderabad",Nephrology,"Dr Sanjay Maitra",https://www.apollohospitals.com/doctors/nephrologist/hyderabad/dr-sanjay-maitra
India,Hyderabad,"Apollo Health City, Jubilee Hills, Hyderabad",Nephrology,"Dr Somasekhar M",https://www.apollohospitals.com/doctors/nephrologist/hyderabad/dr-somasekhar-m
India,Mysore,"Apollo BGS Hospitals, Mysore",Nephrology,"Dr Srinivas Nalloor",https://www.apollohospitals.com/doctors/nephrologist/mysore/dr-srinivas-nalloor
India,Ahmedabad,"Apollo Hospitals International Ltd, Ahmedabad",Nephrology,"Dr Kavita Parihar",https://www.apollohospitals.com/doctors/nephrologist/ahmedabad/dr-kavita-parihar
India,Kolkata,"Apollo Multispeciality Hospitals, EM Bypass, Kolkata",Nephrology,"Dr. Sandip Kumar Bhattacharya",https://www.apollohospitals.com/doctors/nephrologist/kolkata/dr-sandip-kumar-bhattacharya
India,Cochin,"Apollo Adlux Hospital, Cochin",Nephrology,"Dr Jojo K Pullockara",https://www.apollohospitals.com/doctors/nephrologist/cochin/dr-jojo-k-pullockara
India,Chennai,"Apollo Hospitals, Greams Road, Chennai",Nephrology,"Dr S Balasubramanian",https://www.apollohospitals.com/doctors/nephrologist/chennai/dr-s-balasubramanian
India,Delhi,"Apollo Hospitals, Delhi",Nephrology,"Dr D K Agarwal",https://www.apollohospitals.com/doctors/nephrologist/delhi/dr-d-k-agarwal
India,Pune,"Apollo Hospitals, Pune",Nephrology,"Dr Sunil Jawale",https://www.apollohospitals.com/doctors/nephrologist/pune/dr-sunil-jawale
India,Hyderabad,"Apollo Hospitals, Secunderabad, Hyderabad",Nephrology,"Dr S Krishnan",https://www.apollohospitals.com/doctors/nephrologist/hyderabad/dr-s-krishnan
India,Hyderabad,"Apollo Health City, Jubilee Hills, Hyderabad",Nephrology,"Dr Aswini Panigrahi",https://www.apollohospitals.com/doctors/nephrologist/hyderabad/dr-aswini-panigrahi
India,Chennai,"Apollo Hospitals, Greams Road, Chennai",Nephrology,"Dr Rajeev Annigeri",https://www.apollohospitals.com/doctors/nephrologist/chennai/dr-rajeev-annigeri
India,Bhubaneswar,"Apollo Hospitals, Bhubaneswar",Nephrology,"Dr Nisith Kumar Mohanty",https://www.apollohospitals.com/doctors/nephrologist/bhubaneswar/dr-nisith-kumar-mohanty
India,Delhi,"Apollo Hospitals, Delhi",Nephrology,"Dr Jayant Kumar Hota",https://www.apollohospitals.com/doctors/nephrologist/delhi/dr-jayant-kumar-hota
India,Guwahati,"Apollo Hospitals, Guwahati",Nephrology,"Dr Mitul Bora",https://www.apollohospitals.com/doctors/nephrologist/guwahati/dr-mitul-bora
India,Guwahati,"Apollo Hospitals, Guwahati",Nephrology,"Dr Pranab Kumar Medhi",https://www.apollohospitals.com/doctors/nephrologist/guwahati/dr-pranab-kumar-medhi
India,Hyderabad,"Apollo Health City, Jubilee Hills, Hyderabad",Nephrology,"Dr Gandhe  Sridhar",https://www.apollohospitals.com/doctors/nephrologist/hyderabad/dr-gandhe-sridhar
India,Bangalore,"Apollo Hospitals, Seshadripuram, Bangalore",Nephrology,"Dr Anoop M Gowda",https://www.apollohospitals.com/doctors/nephrologist/bangalore/dr-anoop-m-gowda
India,Kolkata,"Apollo Multispeciality Hospitals, EM Bypass, Kolkata",Nephrology,"Dr Rajiv Sinha",https://www.apollohospitals.com/doctors/nephrologist/kolkata/dr-rajiv-sinha
India,Bangalore,"Apollo Hospitals, Bannerghatta Road, Bangalore",Nephrology,"Dr Prashant C Dheerendra",https://www.apollohospitals.com/doctors/nephrologist/bangalore/dr-prashant-c-dheerendra
India,Indore,"Apollo Hospitals, Indore",Nephrology,"Dr Jai Kumar Kriplani",https://www.apollohospitals.com/doctors/nephrologist/indore/dr-jai-kumar-kriplani
India,Hyderabad,"Apollo Hospitals, Financial District",Nephrology,"Dr Seerapani Gopaluni",https://www.apollohospitals.com/doctors/nephrologist/hyderabad/dr-seerapani-gopaluni
India,Hyderabad,"Apollo Hospitals, Financial District",Nephrology,"Dr Sandeep Reddy Y",https://www.apollohospitals.com/doctors/nephrologist/hyderabad/dr-sandeep-reddy-y
India,Ahmedabad,"Apollo Hospitals International Ltd, Ahmedabad",Nephrology,"Dr Manoj Gumber",https://www.apollohospitals.com/doctors/nephrologist/ahmedabad/dr-manoj-gumber
India,Bhopal,"Apollo Sage Hospitals",Nephrology,"Dr Akash Deep Suri",https://www.apollohospitals.com/doctors/nephrologist/bhopal/dr-akash-deep-suri
India,Mumbai,"Apollo Hospitals, Mumbai",Nephrology,"Dr Amit Langote",https://www.apollohospitals.com/doctors/nephrologist/mumbai/dr-amit-langote
India,Ahmedabad,"Apollo Hospitals International Ltd, Ahmedabad",Nephrology,"Dr Haresh Patel",https://www.apollohospitals.com/doctors/nephrologist/ahmedabad/dr-haresh-patel
India,Kolkata,"Apollo Multispeciality Hospitals, EM Bypass, Kolkata",Nephrology,"Dr Jayasurya R",https://www.apollohospitals.com/doctors/nephrologist/kolkata/dr-jayasurya-r
India,Visakhapatnam,"Apollo Hospitals Health City, Arilova, Vizag",Nephrology,"Dr P Satya Vamseedhar",https://www.apollohospitals.com/doctors/nephrologist/visakhapatnam/dr-p-satya-vamseedhar
India,Hyderabad,"Apollo Hospitals, Financial District",Nephrology,"Dr Krishna V Patil",https://www.apollohospitals.com/doctors/nephrologist/hyderabad/dr-krishna-v-patil
India,Hyderabad,"Apollo Health City, Jubilee Hills, Hyderabad",Nephrology,"Dr Ravi Vemagiri Andrews",https://www.apollohospitals.com/doctors/nephrologist/hyderabad/dr-ravi-vemagiri-andrews
India,Bangalore,"Apollo Speciality Hospital, Jayanagar, Bangalore",Nephrology,"Dr A Anitha",https://www.apollohospitals.com/doctors/nephrologist/bangalore/dr-a-anitha
India,Bangalore,"Apollo Hospitals Sarjapur Road, Bangalore",Nephrology,"Dr Nishchay B",https://www.apollohospitals.com/doctors/nephrologist/bangalore/dr-nishchay-b
India,Delhi,"Apollo Hospitals, Delhi",Nephrology,"Dr Anupam Bahl",https://www.apollohospitals.com/doctors/nephrologist/delhi/dr-anupam-bahl
India,Kolkata,"Apollo Multispeciality Hospitals, EM Bypass, Kolkata",Nephrology,"Dr Manish Kumar Jain",https://www.apollohospitals.com/doctors/nephrologist/kolkata/dr-manish-kumar-jain
India,Chennai,"Apollo Hospitals, Greams Road, Chennai",Nephrology,"Dr Raja Mahesh",https://www.apollohospitals.com/doctors/nephrologist/chennai/dr-raja-mahesh
India,Nashik,"Apollo Hospitals, Nashik",Nephrology,"Dr Prakash Pandharinath Ugale",https://www.apollohospitals.com/doctors/nephrologist/nashik/dr-prakash-pandharinath-ugale
India,Mumbai,"Apollo Hospitals, Mumbai",Nephrology,"Dr Ravindra Nikalji",https://www.apollohospitals.com/doctors/nephrologist/mumbai/dr-ravindra-nikalji
India,Visakhapatnam,"Apollo Hospitals Health City, Arilova, Vizag",Nephrology,"Dr S Anil Kumar Patro",https://www.apollohospitals.com/doctors/nephrologist/visakhapatnam/dr-s-anil-kumar-patro
India,Hyderabad,"Apollo Health City, Jubilee Hills, Hyderabad",Nephrology,"Dr Jella Ramashankar",https://www.apollohospitals.com/doctors/nephrologist/hyderabad/dr-jella-ramashankar
India,Chennai,"Apollo Hospitals, Greams Road, Chennai",Nephrology,"Dr Vadamalai Vivek",https://www.apollohospitals.com/doctors/nephrologist/chennai/dr-vadamalai-vivek
India,Delhi,"Apollo Hospitals, Delhi",Nephrology,"Dr Gaurav Sagar",https://www.apollohospitals.com/doctors/nephrologist/delhi/dr-gaurav-sagar
India,Chennai,"Apollo Children's Hospital, Chennai",Nephrology,"Dr Sudha Ekambaram",https://www.apollohospitals.com/doctors/pediatric-nephrologist/chennai/dr-sudha-ekambaram
India,Hyderabad,"Apollo Hospitals, Hyderguda, Hyderabad",Nephrology,"Dr Vamsee Priya Marina",https://www.apollohospitals.com/doctors/nephrologist/hyderabad/dr-vamsee-priya-marina
India,Madurai,"Apollo Speciality Hospitals Madurai",Nephrology,"Dr Balamurugan S",https://www.apollohospitals.com/doctors/nephrologist/madurai/dr-balamurugan-s
India,Lucknow,"Apollo Hospitals Lucknow",Nephrology,"Dr Santosh Kumar",https://www.apollohospitals.com/doctors/nephrologist/lucknow/dr-santosh-kumar
India,Hyderabad,"Apollo Hospitals, Secunderabad, Hyderabad",Nephrology,"Dr Ashwini Kumar Aiyangar",https://www.apollohospitals.com/doctors/nephrologist/hyderabad/dr-ashwinikumar-aiyangar
India,Cochin,"Apollo Adlux Hospital, Cochin",Nephrology,"Dr Manju Kamal",https://www.apollohospitals.com/doctors/nephrologist/cochin/dr-manju-kamal
India,Ahmedabad,"Apollo Hospitals International Ltd, Ahmedabad",Nephrology,"Dr Dhruv B Patel",https://www.apollohospitals.com/doctors/urologist/ahmedabad/dr-dhruv-b-patel
India,Kolkata,"Apollo Multispeciality Hospitals, EM Bypass, Kolkata",Nephrology,"Dr Pooja Banerjee",https://www.apollohospitals.com/doctors/nephrologist/kolkata/dr-pooja-banerjee
India,Kolkata,"Apollo Multispeciality Hospitals, EM Bypass, Kolkata",Nephrology,"Dr Vivek Goel",https://www.apollohospitals.com/doctors/nephrologist/kolkata/dr-vivek-goel
India,Mysore,"Apollo BGS Hospitals, Mysore",Nephrology,"Dr Praveen Chandrashekhar",https://www.apollohospitals.com/doctors/nephrologist/mysore/dr-praveen-chandrashekhar
India,Chennai,"Apollo Speciality Hospitals, Vanagaram, Chennai",Nephrology,"Dr Jagdish K",https://www.apollohospitals.com/doctors/nephrologist/chennai/dr-jagdish-k
India,Indore,"Apollo Hospitals, Indore",Nephrology,"Dr Shashank Chaursia",https://www.apollohospitals.com/doctors/urologist/indore/dr-shashank-chaursia
India,Rourkela,"Apollo Super Speciality Hospital, Rourkela",Nephrology,"Dr Anshuman Das",https://www.apollohospitals.com/doctors/nephrologist/rourkela/dr-anshuman-das
India,Hyderabad,"Apollo Hospitals, DRDO, Kanchanbagh, Hyderabad",Nephrology,"Dr Pardha Saradhi",https://www.apollohospitals.com/doctors/nephrologist/hyderabad/dr-pardha-saradhi
India,Chennai,"Apollo Hospitals, Greams Road, Chennai",Nephrology,"Dr M Saravanan",https://www.apollohospitals.com/doctors/nephrologist/chennai/dr-m-saravanan
India,Chennai,"Apollo Hospitals, Greams Road, Chennai",Nephrology,"Dr S Venkatesh Rajkumar",https://www.apollohospitals.com/doctors/nephrologist/chennai/dr-s-venkatesh-rajkumar
India,Chennai,"Apollo Hospitals, Greams Road, Chennai",Nephrology,"Dr Ranjanee Muthu",https://www.apollohospitals.com/doctors/nephrologist/chennai/dr-ranjanee-muthu
India,Guwahati,"Apollo Hospitals, Guwahati",Nephrology,"Dr Dhruvajyoti Choudhury",https://www.apollohospitals.com/doctors/nephrologist/guwahati/dr-dhruvajyoti-choudhury
India,Chennai,"Apollo Hospitals, Greams Road, Chennai",Nephrology,"Dr Nithyashree Nandagopal",https://www.apollohospitals.com/doctors/nephrologist/chennai/dr-nithyashree-nandagopal
India,Kolkata,"Apollo Multispeciality Hospitals, EM Bypass, Kolkata",Nephrology,"Dr Indradip Maity",https://www.apollohospitals.com/doctors/nephrologist/kolkata/dr-indradip-maity
India,Chennai,"Apollo Hospitals ,Tondiarpet, Chennai",Nephrology,"Dr A S Bharathi Sezhian",https://www.apollohospitals.com/doctors/nephrologist/chennai/dr-a-s-bharathi-sezhian
India,Bangalore,"Apollo Hospitals Sarjapur Road, Bangalore",Nephrology,"Dr Rashmi S R",https://www.apollohospitals.com/doctors/nephrologist/bangalore/dr-rashmi-s-r
India,Bhubaneswar,"Apollo Hospitals, Bhubaneswar",Nephrology,"Dr Purna Chandra Kar",https://www.apollohospitals.com/doctors/nephrologist/bhubaneswar/dr-purna-chandra-kar
India,Trichy,"Apollo Speciality Hospitals, Trichy",Nephrology,"Dr Sathya Sagar",https://www.apollohospitals.com/doctors/nephrologist/trichy/dr-sathya-sagar
India,Mumbai,"Apollo Hospitals, Mumbai",Nephrology,"Dr Ashwathy Haridas",https://www.apollohospitals.com/doctors/nephrologist/mumbai/dr-ashwathy-haridas
India,Nellore,"Apollo Specialty Hospitals, Nellore",Nephrology,"Dr BODANAPU MASTAN VALLI",https://www.apollohospitals.com/doctors/nephrologist/nellore/dr-bodanapu-mastan-valli
India,Bhopal,"Apollo Sage Hospitals",Nephrology,"Dr Chaitanya Kulkarni",https://www.apollohospitals.com/doctors/nephrologist/bhopal/dr-chaitanya-kulkarni
India,Hyderabad,"Apollo Hospitals, Hyderguda, Hyderabad",Nephrology,"Dr Bhanu Prasad K",https://www.apollohospitals.com/doctors/nephrologist/hyderabad/dr-bhanu-prasad-k
India,Madurai,"Apollo Speciality Hospitals Madurai",Nephrology,"Dr Arun Prasath P",https://www.apollohospitals.com/doctors/nephrologist/madurai/dr-arun-prasath-p
India,Madurai,"Apollo Speciality Hospitals Madurai",Nephrology,"Dr R. Vishnuraja",https://www.apollohospitals.com/doctors/urologist/madurai/dr-vishnuraja
India,Trichy,"Apollo Speciality Hospitals, Trichy",Nephrology,"Dr Balaji G",https://www.apollohospitals.com/doctors/nephrologist/trichy/dr-balaji-g
India,Delhi,"Apollo Hospitals, Delhi",Nephrology,"Dr Sahil Arora",https://www.apollohospitals.com/doctors/nephrologist/delhi/dr-sahil-arora
India,Chennai,"Apollo Children's Hospital, Chennai",Nephrology,"Dr Sukanya Govindan",https://www.apollohospitals.com/doctors/nephrologist/chennai/dr-sukanya-govindan
India,Lucknow,"Apollo Hospitals Lucknow",Nephrology,"Dr Jony Agarwal",https://www.apollohospitals.com/doctors/nephrologist/lucknow/dr-jony-agarwal
India,Kakinada,"Apollo Hospitals, Kakinada",Nephrology,"Dr C H Anilkuar",https://www.apollohospitals.com/doctors/nephrologist/kakinada/dr-c-h-anilkuar
India,Guwahati,"Apollo Excelcare, Guwahati",Nephrology,"Dr Karan Saraf",https://www.apollohospitals.com/doctors/nephrologist/guwahati/dr-karan-saraf
India,Hyderabad,"Apollo Health City, Jubilee Hills, Hyderabad",Nephrology,"Dr Satyanarayana Garre",https://www.apollohospitals.com/doctors/nephrologist/hyderabad/dr-satyanarayana-garre
India,Madurai,"Apollo Speciality Hospitals Madurai",Nephrology,"Dr Sivakumar M",https://www.apollohospitals.com/doctors/nephrologist/madurai/dr-sivakumar-m
India,Pune,"Apollo Hospitals, Pune",Nephrology,"Dr Nikhil Rathi",https://www.apollohospitals.com/doctors/nephrologist/pune/dr-nikhil-rathi
India,Madurai,"Apollo Speciality Hospitals Madurai",Nephrology,"Dr Saravanan R",https://www.apollohospitals.com/doctors/nephrologist/madurai/dr-saravanan-r
India,Ahmedabad,"Apollo Hospitals International Ltd, Ahmedabad",Nephrology,"Dr Pritish Shah",https://www.apollohospitals.com/doctors/nephrologist/ahmedabad/dr-pritish-shah
India,Lucknow,"Apollo Hospitals Lucknow",Nephrology,"Dr Gopambuj Singh Rathod",https://www.apollohospitals.com/doctors/nephrologist/lucknow/dr-gopambuj-singh-rathod
India,Bhubaneswar,"Apollo Hospitals, Bhubaneswar",Nephrology,"Dr Kumar Avijeet Dash",https://www.apollohospitals.com/doctors/nephrologist/bhubaneswar/dr-kumar-avijeet-dash
India,Nellore,"Apollo Specialty Hospitals, Nellore",Nephrology,"Dr Rakesh V",https://www.apollohospitals.com/doctors/nephrologist/nellore/dr-rakesh-v
India,Karaikudi,"Apollo Reach Hospital, Karaikudi",Nephrology,"Dr Saravana Kumar",https://www.apollohospitals.com/doctors/nephrologist/karaikudi/dr-saravana-kumar
India,Guwahati,"Apollo Excelcare, Guwahati",Nephrology,"Dr Brijesh Singh",https://www.apollohospitals.com/doctors/nephrologist/guwahati/dr-brijesh-singh
India,Bilaspur,"Apollo Hospitals, Bilaspur",Nephrology,"Dr Vinay Kumar A V",https://www.apollohospitals.com/doctors/nephrology/bilaspur/dr-vinay-kumar-av
India,Guwahati,"Apollo Excelcare, Guwahati",Nephrology,"Dr Anish Kumar Saha",https://www.apollohospitals.com/doctors/nephrologist/guwahati/dr-anish-kumar-saha
India,Kolkata,"Apollo Multispeciality Hospitals, EM Bypass, Kolkata",Urology,"Dr Mohan Chand Seal",https://www.apollohospitals.com/doctors/urologist/kolkata/dr-mohan-chand-seal
India,Delhi,"Apollo Hospitals, Delhi",Urology,"Dr Suresh Kr Rawat",https://www.apollohospitals.com/doctors/urologist/delhi/dr-suresh-kr-rawat
India,Hyderabad,"Apollo Health City, Jubilee Hills, Hyderabad",Urology,"Dr Rajagopal V",https://www.apollohospitals.com/doctors/urologist/hyderabad/dr-rajagopal-v
India,Delhi,"Apollo Hospitals, Delhi",Urology,"Dr Rajesh Taneja",https://www.apollohospitals.com/doctors/urologist/delhi/dr-rajesh-taneja
India,Chennai,"Apollo Hospitals, Greams Road, Chennai",Urology,"Dr Duraisamy S",https://www.apollohospitals.com/doctors/urologist/chennai/dr-duraisamy-s
India,Delhi,"Apollo Hospitals, Delhi",Urology,"Dr Ajit Saxena",https://www.apollohospitals.com/doctors/urologist/delhi/dr-ajit-saxena
India,Chennai,"Apollo Hospitals, Greams Road, Chennai",Urology,"Dr Narayana Reddy",https://www.apollohospitals.com/doctors/sexual-medicine-specialist/chennai/dr-narayana-reddy
India,Chennai,"Apollo Firstmed Hospital, Chennai",Urology,"Dr Deepak Lamech",https://www.apollohospitals.com/doctors/urologist/chennai/dr-deepak-lamech
India,Delhi,"Apollo Hospitals, Delhi",Urology,"Dr Narasimhan Subramanian",https://www.apollohospitals.com/doctors/urologist/delhi/dr-narasimhan-subramanian
India,Delhi,"Apollo Hospitals, Delhi",Urology,"Dr Vipin Arora",https://www.apollohospitals.com/doctors/urologist/delhi/dr-vipin-arora
India,Hyderabad,"Apollo Health City, Jubilee Hills, Hyderabad",Urology,"Dr Subramanyam Kolanukuduru",https://www.apollohospitals.com/doctors/urologist/hyderabad/dr-subramanyam-kolanukuduru
India,Chennai,"Apollo Hospitals, Greams Road, Chennai",Urology,"Dr Thirumalai Ganesan",https://www.apollohospitals.com/doctors/urologist/chennai/dr-thirumalai-ganesan
India,Kolkata,"Apollo Multispeciality Hospitals, EM Bypass, Kolkata",Urology,"Dr Amit Ghose",https://www.apollohospitals.com/doctors/urologist/kolkata/dr-amit-ghose
India,Delhi,"Apollo Hospitals, Delhi",Urology,"Dr S K Pal",https://www.apollohospitals.com/doctors/urologist/delhi/dr-s-k-pal
India,Chennai,"Apollo Hospitals, Greams Road, Chennai",Urology,"Dr Jayaganesh R",https://www.apollohospitals.com/doctors/urologist/chennai/dr-jayaganesh-r
India,Chennai,"Apollo Hospitals, Greams Road, Chennai",Urology,"Dr N Ragavan",https://www.apollohospitals.com/doctors/urologist/chennai/dr-n-ragavan
India,Bangalore,"Apollo Hospitals, Bannerghatta Road, Bangalore",Urology,"Dr Deepak Bolbandi",https://www.apollohospitals.com/doctors/urologist/bangalore/dr-deepak-bolbandi
India,Hyderabad,"Apollo Hospitals, Secunderabad, Hyderabad",Urology,"Dr Ramesh Chandra Reddy",https://www.apollohospitals.com/doctors/urologist/hyderabad/dr-ramesh-chandra-reddy
India,Mysore,"Apollo BGS Hospitals, Mysore",Urology,"Dr Raghavendra M",https://www.apollohospitals.com/doctors/urologist/mysore/dr-raghavendra-m
India,Pune,"Apollo Hospitals, Pune",Urology,"Dr Ketan Vartak | Best Urologist in Pune",https://www.apollohospitals.com/doctors/urologist/pune/dr-ketan-vartak
India,Hyderabad,"Apollo Health City, Jubilee Hills, Hyderabad",Urology,"Dr D V S L N Sharma",https://www.apollohospitals.com/doctors/urologist/hyderabad/dr-d-v-s-l-n-sharma
India,Bilaspur,"Apollo Hospitals, Bilaspur",Urology,"Dr Jayant Kansakar",https://www.apollohospitals.com/doctors/urologist/bilaspur/dr-jayant-kansakar
India,Guwahati,"Apollo Hospitals, Guwahati",Urology,"Dr Puskal Kumar Bagchi",https://www.apollohospitals.com/doctors/urologist/guwahati/dr-puskal-kumar-bagchi
India,Chennai,"Apollo Hospitals, Greams Road, Chennai",Urology,"Dr Murali Venkatraman",https://www.apollohospitals.com/doctors/urologist/chennai/dr-murali-venkatraman
India,Chennai,"Apollo Children's Hospital, Chennai",Urology,"Dr Sripathi V",https://www.apollohospitals.com/doctors/urologist/chennai/dr-sripathi-v
India,Chennai,"Apollo Hospitals, Greams Road, Chennai",Urology,"Dr Shyamala Gopi",https://www.apollohospitals.com/doctors/urologist/chennai/dr-shyamala-gopi
India,Hyderabad,"Apollo Health City, Jubilee Hills, Hyderabad",Urology,"Dr Arun Shah",https://www.apollohospitals.com/doctors/urologist/hyderabad/dr-arun-shah
India,Bangalore,"Apollo Hospitals, Seshadripuram, Bangalore",Urology,"Dr Manohar T",https://www.apollohospitals.com/doctors/urologist/bangalore/dr-manohar-t
India,Hyderabad,"Apollo Hospitals, Hyderguda, Hyderabad",Urology,"Dr Prof Sanjay Sinha",https://www.apollohospitals.com/doctors/urologist/hyderabad/dr-prof-sanjay-sinha
India,Bangalore,"Apollo Speciality Hospital, Jayanagar, Bangalore",Urology,"Dr Pramod BR",https://www.apollohospitals.com/doctors/urologist/bangalore/dr-pramod-br
India,Kolkata,"Apollo Multispeciality Hospitals, EM Bypass, Kolkata",Urology,"Dr Vinay Mahendra",https://www.apollohospitals.com/doctors/urologist/kolkata/dr-vinay-mahendra
India,Chennai,"Apollo Hospitals, Greams Road, Chennai",Urology,"Dr Ramesh K",https://www.apollohospitals.com/doctors/urologist/chennai/dr-ramesh-k
India,Kolkata,"Apollo Hospitals - Narendrapur",Urology,"Dr Nilanjan Mitra",https://www.apollohospitals.com/doctors/urologist/kolkata/dr-nilanjan-mitra
India,Lucknow,"Apollo Hospitals Lucknow",Urology,"Dr Mayank Mohan Agarwal",https://www.apollohospitals.com/doctors/urologist/lucknow/dr-mayank-mohan-agarwal
India,Noida,"Apollo Hospitals Noida",Urology,"Dr Ashutosh Singh",https://www.apollohospitals.com/doctors/urologist/noida/dr-ashutosh-singh
India,Kolkata,"Apollo Multispeciality Hospitals, EM Bypass, Kolkata",Urology,"Dr Mir Reza Kamal",https://www.apollohospitals.com/doctors/urologist/kolkata/dr-mir-reza-kamal
India,Delhi,"Apollo Hospitals, Delhi",Urology,"Dr Anshuman Agarwal",https://www.apollohospitals.com/doctors/urologist/delhi/dr-anshuman-agarwal
India,Bhubaneswar,"Apollo Hospitals, Bhubaneswar",Urology,"Dr Samiran Das Adhikary",https://www.apollohospitals.com/doctors/urologist/bhubaneswar/dr-samiran-das-adhikary
India,Bangalore,"Apollo Speciality Hospital, Jayanagar, Bangalore",Urology,"Dr Srinath N",https://www.apollohospitals.com/doctors/urologist/bangalore/dr-srinath-n
India,Hyderabad,"Apollo Hospitals, Financial District",Urology,"Dr V Sasanka",https://www.apollohospitals.com/doctors/urologist/hyderabad/dr-v-sasanka
India,Delhi,"Apollo Hospitals, Delhi",Urology,"Dr Ashish Sabharwal",https://www.apollohospitals.com/doctors/urologist/delhi/dr-ashish-sabharwal
India,Bhopal,"Apollo Sage Hospitals",Urology,"Dr Nand Kishore Arvind",https://www.apollohospitals.com/doctors/urologist/bhopal/dr-nand-kishore-arvind
India,Chennai,"Apollo Children's Hospital, Chennai",Urology,"Dr Jimmy Shad",https://www.apollohospitals.com/doctors/urologist/chennai/dr-jimmy-shad
India,Chennai,"Apollo Hospitals, Greams Road, Chennai",Urology,"Dr Deepak Raghavan",https://www.apollohospitals.com/doctors/urologist/chennai/dr-deepak-raghavan
India,Bangalore,"Apollo Hospitals, Bannerghatta Road, Bangalore",Urology,"Dr Sreedhar Reddy",https://www.apollohospitals.com/doctors/urologist/bangalore/dr-sreedhar-reddy
India,Indore,"Apollo Hospitals, Indore",Urology,"Dr Saurabh Chipde",https://www.apollohospitals.com/doctors/urologist/indore/dr-saurabh-chipde
India,Guwahati,"Apollo Excelcare, Guwahati",Urology,"Dr Joy Narayan Chakraborty",https://www.apollohospitals.com/doctors/urologist/guwahati/dr-joy-narayan-chakraborty
India,Kolkata,"Apollo Multispeciality Hospitals, EM Bypass, Kolkata",Urology,"Dr Vishal Jalan",https://www.apollohospitals.com/doctors/urologist/kolkata/dr-vishal-jalan
India,Chennai,"Apollo Hospitals, Greams Road, Chennai",Urology,"Dr Meera V V Ragavan",https://www.apollohospitals.com/doctors/urogynaecologist/chennai/dr-meera-ragavan
India,Delhi,"Apollo Hospitals, Delhi",Urology,"Dr Anupam Kumar Sharma",https://www.apollohospitals.com/doctors/urologist/delhi/dr-anupam-kumar-sharma
India,Kolkata,"Apollo Multispeciality Hospitals, EM Bypass, Kolkata",Urology,"Dr Debmalya Gangopadhyay",https://www.apollohospitals.com/doctors/urologist/kolkata/dr-debmalya-gangopadhyay
India,Hyderabad,"Apollo Health City, Jubilee Hills, Hyderabad",Urology,"Dr Raghavender Kosgi",https://www.apollohospitals.com/doctors/andrologist/hyderabad/dr-raghavender-kosgi
India,Chennai,"Apollo Firstmed Hospital, Chennai",Urology,"Dr Shekar M G",https://www.apollohospitals.com/doctors/urologist/chennai/dr-shekar-m-g
India,Kolkata,"Apollo Multispeciality Hospitals, EM Bypass, Kolkata",Urology,"Dr Atanu Jana",https://www.apollohospitals.com/doctors/urologist/kolkata/dr-atanu-jana
India,Guwahati,"Apollo Hospitals, Guwahati",Urology,"Dr Amlan Jyoti Sarmah",https://www.apollohospitals.com/doctors/urologist/guwahati/dr-amlan-jyoti-sarmah
India,Chennai,"Apollo Speciality Hospitals, Vanagaram, Chennai",Urology,"Dr Antan Uresh Kumar",https://www.apollohospitals.com/doctors/urologist/chennai/dr-antan-uresh-kumar
India,Ahmedabad,"Apollo Hospitals International Ltd, Ahmedabad",Urology,"Dr Rohit Bhattar",https://www.apollohospitals.com/doctors/urologist/ahmedabad/dr-rohit-bhattar
India,Kolkata,"Apollo Multispeciality Hospitals, EM Bypass, Kolkata",Urology,"Dr Amvrin Chatterjee",https://www.apollohospitals.com/doctors/urologist/kolkata/dr-amvrin-chatterjee
India,Kolkata,"Apollo Multispeciality Hospitals, EM Bypass, Kolkata",Urology,"Dr Tridibesh Mandal",https://www.apollohospitals.com/doctors/urologist/kolkata/dr-tridibesh-mondal
India,Chennai,"Apollo Proton Cancer Centre, Chennai",Urology,"Dr Srivatsan Ramani",https://www.apollohospitals.com/doctors/urologist/chennai/dr-srivatsan-ramani
India,Bhubaneswar,"Apollo Hospitals, Bhubaneswar",Urology,"Dr Biswajit Nanda",https://www.apollohospitals.com/doctors/urologist/bhubaneswar/dr-biswajit-nanda
India,Hyderabad,"Apollo Hospitals, Financial District",Urology,"Dr Chandra Sekhar Bijjala",https://www.apollohospitals.com/doctors/urologist/hyderabad/dr-chandra-sekhar-bijjala
India,Bangalore,"Apollo Hospitals Sarjapur Road, Bangalore",Urology,"Dr Ravi Chandran K",https://www.apollohospitals.com/doctors/urology/bangalore/dr-ravi-chandran-k
India,Hyderabad,"Apollo Health City, Jubilee Hills, Hyderabad",Urology,"Dr Aman Chandra Deshpande",https://www.apollohospitals.com/doctors/urologist/hyderabad/dr-aman-chandra-deshpande
India,Chennai,"Apollo Hospitals, Greams Road, Chennai",Urology,"Dr Vilvapathy S Karthikeyan",https://www.apollohospitals.com/doctors/urologist/chennai/dr-vilvapathy-s-karthikeyan
India,Chennai,"Apollo Speciality Hospitals, OMR, Chennai",Urology,"Dr Pari Raman",https://www.apollohospitals.com/doctors/urologist/chennai/dr-pari-raman
India,Mumbai,"Apollo Hospitals, Mumbai",Urology,"Dr AmolKumar Patil",https://www.apollohospitals.com/doctors/urologist/mumbai/dr-amolkumar-patil
India,Bangalore,"Apollo Hospitals, Bannerghatta Road, Bangalore",Urology,"Dr Girish H",https://www.apollohospitals.com/doctors/urologist/bangalore/dr-girish-h
India,Chennai,"Apollo Hospitals, Greams Road, Chennai",Urology,"Dr Nitesh Jain",https://www.apollohospitals.com/doctors/urologist/chennai/dr-nitesh-jain
India,Bhubaneswar,"Apollo Hospitals, Bhubaneswar",Urology,"Dr Kaliprasad Sathapathy",https://www.apollohospitals.com/doctors/urologist/bhubaneswar/dr-kaliprasad-sathapathy
India,Hyderabad,"Apollo Health City, Jubilee Hills, Hyderabad",Urology,"Dr Daxay Lakhani",https://www.apollohospitals.com/doctors/urologist/hyderabad/dr-daxay-lakhani
India,Lucknow,"Apollo Hospitals Lucknow",Urology,"Dr Gyvi Gaurav",https://www.apollohospitals.com/doctors/urologist/lucknow/dr-gyvi-gaurav
India,Hyderabad,"Apollo Hospitals, Secunderabad, Hyderabad",Urology,"Dr K Samyuktha",https://www.apollohospitals.com/doctors/urologist/hyderabad/dr-k-samyuktha
India,Guwahati,"Apollo Hospitals, Guwahati",Urology,"Dr Ankur Agarwala",https://www.apollohospitals.com/doctors/urologist/guwahati/dr-ankur-agarwala
India,Warangal,"Apollo Reach N S R Hospital, Warangal, Hyderabad",Urology,"Dr Suman Akula",https://www.apollohospitals.com/doctors/urologist/warangal/dr-suman-akula
India,Lucknow,"Apollo Hospitals Lucknow",Urology,"Dr Shashikant Gupta",https://www.apollohospitals.com/doctors/urologist/lucknow/dr-shashikant-gupta
India,Noida,"Apollo Hospitals Noida",Urology,"Dr Varun Kumar Katiyar",https://www.apollohospitals.com/doctors/urologist/noida/dr-varun-kumar-katiyar
India,Madurai,"Apollo Speciality Hospitals Madurai",Urology,"Dr Arun Kumar J",https://www.apollohospitals.com/doctors/urologist/madurai/dr-arun-kumar-j
India,Cochin,"Apollo Adlux Hospital, Cochin",Urology,"Dr Pillai Biju Sukumaran",https://www.apollohospitals.com/doctors/urologist/cochin/dr-pillai-biju-sukumaran
India,Cochin,"Apollo Adlux Hospital, Cochin",Urology,"Dr P Roy John",https://www.apollohospitals.com/doctors/urologist/cochin/dr-p-roy-john
India,Bhopal,"Apollo Sage Hospitals",Urology,"Dr Qutubuddin Ali",https://www.apollohospitals.com/doctors/urologist/bhopal/dr-qutubuddin-ali
India,Guwahati,"Apollo Excelcare, Guwahati",Urology,"Dr Syed Wasim Hasan",https://www.apollohospitals.com/doctors/urologist/guwahati/dr-syed-wasim-hasan
India,Lucknow,"Apollo Hospitals Lucknow",Urology,"Dr Ved Bhaskar",https://www.apollohospitals.com/doctors/urologist/lucknow/dr-ved-bhaskar
India,Hyderabad,"Apollo Hospitals, Financial District",Urology,"Dr P Banu Teja Reddy",https://www.apollohospitals.com/doctors/urologist/hyderabad/dr-p-banu-teja-reddy
India,Delhi,"Apollo Hospitals, Delhi",Urology,"Dr Pradeep Champawat",https://www.apollohospitals.com/doctors/urologist/delhi/dr-pradeep-champawat
India,Pune,"Apollo Hospitals, Pune",Urology,"Dr Mohamad Ali",https://www.apollohospitals.com/doctors/urologist/pune/dr-mohamad-ali
India,Nashik,"Apollo Hospitals, Nashik",Urology,"Dr Pravin Govardhane",https://www.apollohospitals.com/doctors/urologist/nashik/dr-pravin-govardhane
India,Guwahati,"Apollo Excelcare, Guwahati",Urology,"Dr Chandan Phukan",https://www.apollohospitals.com/doctors/urologist/guwahati/dr-chandan-phukan
India,Bangalore,"Apollo Hospitals, Seshadripuram, Bangalore",Urology,"Dr Chandan M N",https://www.apollohospitals.com/doctors/urologist/bangalore/dr-chandan-m-n
India,Lucknow,"Apollo Hospitals Lucknow",Urology,"Dr Shailendra Kumar Gupta",https://www.apollohospitals.com/doctors/urologist/lucknow/dr-shailendra-kumar-gupta
India,Chennai,"Apollo Speciality Hospitals, Teynampet, Chennai",Urology,"Dr Madhav Tiwari",https://www.apollohospitals.com/doctors/urologist/chennai/dr-madhav-tiwari
India,Hyderabad,"Apollo Hospitals, DRDO, Kanchanbagh, Hyderabad",Urology,"Dr B Sourabh Chandra Reddy",https://www.apollohospitals.com/doctors/urologist/hyderabad/dr-b-sourabh-chandra-reddy
India,Noida,"Apollo Hospitals Noida",Urology,"Dr Prabhat Ranjan",https://www.apollohospitals.com/doctors/urologist/noida/dr-prabhat-ranjan
India,Visakhapatnam,"Apollo Hospitals Ramnagar, Vizag",Urology,"Dr Shanti Vardhan G",https://www.apollohospitals.com/doctors/urologist/visakhapatnam/dr-shanti-vardhan-g
India,Visakhapatnam,"Apollo Hospitals Health City, Arilova, Vizag",Urology,"Dr Naidu Ch N",https://www.apollohospitals.com/doctors/urologist/visakhapatnam/dr-naidu-ch-n
India,Chennai,"Apollo Hospitals, Greams Road, Chennai",Urology,"Dr Sandeep Bafna",https://www.apollohospitals.com/doctors/urologist/chennai/dr-sandeep-bafna
India,Hyderabad,"Apollo Hospitals, DRDO, Kanchanbagh, Hyderabad",Urology,"Dr Vasanth Rao P",https://www.apollohospitals.com/doctors/urologist/hyderabad/dr-vasanth-rao-p
India,Indore,"Apollo Hospitals, Indore",Urology,"Dr Siddhart Dube",https://www.apollohospitals.com/doctors/urologist/indore/dr-siddhart-dube
India,Trichy,"Apollo Speciality Hospitals, Trichy",Urology,"Dr Alagappan C",https://www.apollohospitals.com/doctors/urologist/trichy/dr-alagappan-c
India,Bangalore,"Apollo Hospitals, Bannerghatta Road, Bangalore",Urology,"Dr Vinay N Kaushik",https://www.apollohospitals.com/doctors/urologist/bangalore/dr-vinay-n-kaushik
India,Mysore,"Apollo BGS Hospitals, Mysore",Urology,"Dr Kiran Kumar Shetty",https://www.apollohospitals.com/doctors/urologist/mysore/dr-kiran-kumar-shetty
India,Rourkela,"Apollo Super Speciality Hospital, Rourkela",Urology,"Dr Abhijit Samal",https://www.apollohospitals.com/doctors/urologist/rourkela/dr-abhijit-samal
India,Kolkata,"Apollo Multispeciality Hospitals, EM Bypass, Kolkata",Urology,"Dr Avinash Dutt Sharma",https://www.apollohospitals.com/doctors/urologist/kolkata/dr-avinash-dutt-sharma
India,Guwahati,"Apollo Excelcare, Guwahati",Urology,"Dr Manoj Kumar Singh",https://www.apollohospitals.com/doctors/urologist/guwahati/dr-manoj-kumar-singh
India,Hyderabad,"Apollo Health City, Jubilee Hills, Hyderabad",Urology,"Dr Ram Prasad Ch",https://www.apollohospitals.com/doctors/urologist/hyderabad/dr-ram-prasad-ch
India,Warangal,"Apollo Reach N S R Hospital, Warangal, Hyderabad",Urology,"Dr Guguloth Mohan Chand",https://www.apollohospitals.com/doctors/urologist/warangal/dr-guguloth-mohan-chand
India,Mumbai,"Apollo Hospitals, Mumbai",Urology,"Dr Rishikesh Velhal",https://www.apollohospitals.com/doctors/urologist/mumbai/dr-rishikesh-velhal
India,Bilaspur,"Apollo Hospitals, Bilaspur",Urology,"Dr Ankush Puri",https://www.apollohospitals.com/doctors/urologist/bilaspur/dr-ankush-puri
India,Visakhapatnam,"Apollo Hospitals Health City, Arilova, Vizag",Urology,"Dr Gillella Narasimha Reddy",https://www.apollohospitals.com/doctors/urologist/visakhapatnam/dr-gillella-narasimha-reddy
India,Mumbai,"Apollo Hospitals, Mumbai",Urology,"Dr Himanshu Sharma",https://www.apollohospitals.com/doctors/urologist/mumbai/dr-himanshu-sharma
India,Ahmedabad,"Apollo Hospitals International Ltd, Ahmedabad",Urology,"Dr Kunal Aterkar",https://www.apollohospitals.com/doctors/urologist/ahmedabad/dr-kunal-aterkar
India,Guwahati,"Apollo Excelcare, Guwahati",Urology,"Dr Sajidul Mazumdar",https://www.apollohospitals.com/doctors/urologist/guwahati/dr-sajidul-mazumdar
India,Hyderabad,"Apollo Hospitals, Hyderguda, Hyderabad",Urology,"Dr KARTHIK MARIPEDDI",https://www.apollohospitals.com/doctors/urologist/hyderabad/dr-karthik-maripeddi
India,Chennai,"Apollo Children's Hospital, Chennai",Urology,"Dr Vidhya T",https://www.apollohospitals.com/doctors/pediatric-urology/chennai/dr-vidhya-t
India,Kakinada,"Apollo Hospitals, Kakinada",Urology,"Dr Karunakar Reddy C H",https://www.apollohospitals.com/doctors/urologist/kakinada/dr-karunakar-reddy-c-h
India,Ahmedabad,"Apollo Hospitals International Ltd, Ahmedabad",Urology,"Dr Vyoma S Desai",https://www.apollohospitals.com/doctors/urologist/ahmedabad/dr-vyoma-s-desai
India,Chennai,"Apollo Speciality Hospitals, OMR, Chennai",Urology,"Dr Jatin Soni",https://www.apollohospitals.com/doctors/urologist/chennai/dr-jatin-soni
India,Madurai,"Apollo Speciality Hospitals Madurai",Urology,"Dr Shankar K",https://www.apollohospitals.com/doctors/urologist/madurai/dr-shankar-k
India,Guwahati,"Apollo Hospitals, Guwahati","Obstetrics & Gynecology","Dr Alaka Goswami",https://www.apollohospitals.com/doctors/obstetrician-and-gynecologist/guwahati/dr-alaka-goswami
India,Ahmedabad,"Apollo Hospitals International Ltd, Ahmedabad","Obstetrics & Gynecology","Dr Sheroo Zamindar",https://www.apollohospitals.com/doctors/obstetrician-and-gynecologist/ahmedabad/dr-sheroo-zamindar
India,Guwahati,"Apollo Hospitals, Guwahati","Obstetrics & Gynecology","Dr P N Nobis",https://www.apollohospitals.com/doctors/obstetrician-and-gynecologist/guwahati/dr-p-n-nobis
India,Noida,"Apollo Hospitals Noida","Obstetrics & Gynecology","Dr Prof Kamal Buckshee",https://www.apollohospitals.com/doctors/obstetrician-and-gynecologist/noida/dr-prof-kamal-buckshee
India,Delhi,"Apollo Hospitals, Delhi","Obstetrics & Gynecology","Dr Shakti Bhan Khanna",https://www.apollohospitals.com/doctors/obstetrician-and-gynecologist/delhi/dr-shakti-bhan-khanna
India,Mysore,"Apollo BGS Hospitals, Mysore","Obstetrics & Gynecology","Dr K S Sowbhagyalakshmi",https://www.apollohospitals.com/doctors/obstetrician-and-gynecologist/mysore/dr-k-s-sowbhagyalakshmi
India,Delhi,"Apollo Hospitals, Delhi","Obstetrics & Gynecology","Dr Puneet Bedi",https://www.apollohospitals.com/doctors/obstetrician-and-gynecologist/delhi/dr-puneet-bedi
India,Chennai,"Apollo Women's Hospital, Chennai","Obstetrics & Gynecology","Dr Vasanthi D",https://www.apollohospitals.com/doctors/obstetrician-and-gynecologist/chennai/dr-vasanthi-d
India,Lucknow,"Apollo Hospitals Lucknow","Obstetrics & Gynecology","Dr Vinita Das",https://www.apollohospitals.com/doctors/obstetrician-and-gynecologist/lucknow/dr-vinita-das
India,Delhi,"Apollo Hospitals, Delhi","Obstetrics & Gynecology","Dr Harmeet Malhotra",https://www.apollohospitals.com/doctors/obstetrician-and-gynecologist/delhi/dr-harmeet-malhotra
India,Delhi,"Apollo Hospitals, Delhi","Obstetrics & Gynecology","Dr Madhu Roy",https://www.apollohospitals.com/doctors/obstetrician-and-gynecologist/delhi/dr-madhu-roy
India,Delhi,"Apollo Hospitals, Delhi","Obstetrics & Gynecology","Dr Lalita Badhwar",https://www.apollohospitals.com/doctors/obstetrician-and-gynecologist/delhi/dr-lalita-badhwar
India,Delhi,"Apollo Hospitals, Delhi","Obstetrics & Gynecology","Dr Geeta Chadha",https://www.apollohospitals.com/doctors/obstetrician-and-gynecologist/delhi/dr-geeta-chadha
India,Delhi,"Apollo Hospitals, Delhi","Obstetrics & Gynecology","Dr Ranjana Sharma",https://www.apollohospitals.com/doctors/obstetrician-and-gynecologist/delhi/dr-ranjana-sharma
India,Kolkata,"Apollo Multispeciality Hospitals, EM Bypass, Kolkata","Obstetrics & Gynecology","Dr Jayanta Kumar Gupta",https://www.apollohospitals.com/doctors/obstetrician-and-gynecologist/kolkata/dr-jayanta-kumar-gupta
India,Chennai,"Apollo Women's Hospital, Chennai","Obstetrics & Gynecology","Dr Swarnakumari C",https://www.apollohospitals.com/doctors/obstetrician-and-gynecologist/chennai/dr-swarnakumari-c
India,Bangalore,"Apollo Hospitals, Bannerghatta Road, Bangalore","Obstetrics & Gynecology","Dr Chitra Ramamurthy",https://www.apollohospitals.com/doctors/obstetrician-and-gynecologist/bangalore/dr-chitra-ramamurthy
India,Bilaspur,"Apollo Hospitals, Bilaspur","Obstetrics & Gynecology","Dr Sofia Sultana",https://www.apollohospitals.com/doctors/obstetrician-and-gynecologist/bilaspur/dr-sofia-sultana
India,Delhi,"Apollo Hospitals, Delhi","Obstetrics & Gynecology","Dr Sohani Verma",https://www.apollohospitals.com/doctors/obstetrician-and-gynecologist/delhi/dr-sohani-verma
India,Chennai,"Apollo Hospitals, Greams Road, Chennai","Obstetrics & Gynecology","Dr Sangamithray D",https://www.apollohospitals.com/doctors/obstetrician-and-gynecologist/chennai/dr-sangamithray-d
India,Madurai,"Apollo Women & Child Care Hospital, Madurai","Obstetrics & Gynecology","Dr Lalitha S",https://www.apollohospitals.com/doctors/obstetrician-and-gynecologist/madurai/dr-lalitha-s
India,Noida,"Apollo Hospitals Noida","Obstetrics & Gynecology","Dr Chitra Setya",https://www.apollohospitals.com/doctors/obstetrician-and-gynecologist/noida/dr-chitra-setya
India,Noida,"Apollo Hospitals Noida","Obstetrics & Gynecology","Dr Girija Tickoo",https://www.apollohospitals.com/doctors/obstetrician-and-gynecologist/noida/dr-girija-tickoo
India,Cochin,"Apollo Adlux Hospital, Cochin","Obstetrics & Gynecology","Dr Mercy C V",https://www.apollohospitals.com/doctors/obstetrician-and-gynecologist/cochin/dr-mercy-c-v
India,Ahmedabad,"Apollo Hospitals International Ltd, Ahmedabad","Obstetrics & Gynecology","Dr Vineet Mishra",https://www.apollohospitals.com/doctors/gynecologist/ahmedabad/dr-vineet-mishra
India,Bangalore,"Apollo Hospitals, Seshadripuram, Bangalore","Obstetrics & Gynecology","Dr Mohini N Prasad",https://www.apollohospitals.com/doctors/obstetrician-and-gynecologist/bangalore/dr-mohini-n-prasad
India,Guwahati,"Apollo Hospitals, Guwahati","Obstetrics & Gynecology","Dr Arun Madhab Baruah",https://www.apollohospitals.com/doctors/obstetrician-and-gynecologist/guwahati/dr-arun-madhab-baruah
India,Delhi,"Apollo Hospitals, Delhi","Obstetrics & Gynecology","Dr Neelam Suri",https://www.apollohospitals.com/doctors/obstetrician-and-gynecologist/delhi/dr-neelam-suri
India,Chennai,"Apollo Heart Centre, Chennai","Obstetrics & Gynecology","Dr Shanta Bhaskaran",https://www.apollohospitals.com/doctors/obstetrician-and-gynecologist/chennai/dr-shanta-bhaskaran
India,Delhi,"Apollo Hospitals, Delhi","Obstetrics & Gynecology","Dr Sushma Prasad Sinha",https://www.apollohospitals.com/doctors/obstetrician-and-gynecologist/delhi/dr-sushma-prasad-sinha
India,Indore,"Apollo Hospitals, Indore","Obstetrics & Gynecology","Dr Kavita Bapat",https://www.apollohospitals.com/doctors/obstetrician-and-gynecologist/indore/dr-kavita-bapat
India,Hyderabad,"Apollo Health City, Jubilee Hills, Hyderabad","Obstetrics & Gynecology","Dr Sharada Reddy",https://www.apollohospitals.com/doctors/obstetrician-and-gynecologist/hyderabad/dr-sharada-reddy
India,Chennai,"Apollo Women's Hospital, Chennai","Obstetrics & Gynecology","Dr Charumathi R",https://www.apollohospitals.com/doctors/obstetrician-and-gynecologist/chennai/dr-charumathi-r
India,Hyderabad,"Apollo Hospitals, Hyderguda, Hyderabad","Obstetrics & Gynecology","Dr Moksha Prasuna",https://www.apollohospitals.com/doctors/obstetrician-and-gynecologist/hyderabad/dr-moksha-prasuna
India,Pune,"Apollo Hospitals, Pune","Obstetrics & Gynecology","Dr Rajeshwar Balkrishna",https://www.apollohospitals.com/doctors/obstetrician-and-gynecologist/pune/dr-rajeshwar-balkrishna
India,Bhopal,"Apollo Sage Hospitals","Obstetrics & Gynecology","Dr Mangla Kawade",https://www.apollohospitals.com/doctors/ivf/bhopal/dr-mangla-kawade
India,Chennai,"Apollo Medical Centre, Karapakkam, Chennai","Obstetrics & Gynecology","Dr Amudha Hari",https://www.apollohospitals.com/doctors/gynecologist/chennai/dr-amudha-hari
India,Delhi,"Apollo Hospitals, Delhi","Obstetrics & Gynecology","Dr Kiranbala Dash",https://www.apollohospitals.com/doctors/obstetrician-and-gynecologist/delhi/dr-kiranbala-dash
India,Chennai,"Apollo Firstmed Hospital, Chennai","Obstetrics & Gynecology","Dr Indra Venkataraman",https://www.apollohospitals.com/doctors/obstetrician-and-gynecologist/chennai/dr-indra-venkataraman
India,Chennai,"Apollo Women's Hospital, Chennai","Obstetrics & Gynecology","Dr Kondammal R",https://www.apollohospitals.com/doctors/obstetrician-and-gynecologist/chennai/dr-kondammal-r
India,Delhi,"Apollo Hospitals, Delhi","Obstetrics & Gynecology","Dr Rupali Goyal",https://www.apollohospitals.com/doctors/obstetrician-and-gynecologist/delhi/dr-rupali-goyal
India,Mumbai,"Apollo Hospitals, Mumbai","Obstetrics & Gynecology","Dr Vandana A Gawdi",https://www.apollohospitals.com/doctors/obstetrician-and-gynecologist/mumbai/dr-vandana-a-gawdi
India,Chennai,"Apollo Women's Hospital, Chennai","Obstetrics & Gynecology","Dr Vinutha Arunachalam",https://www.apollohospitals.com/doctors/obstetrician-and-gynecologist/chennai/dr-vinutha-arunachalam
India,Chennai,"Apollo Women's Hospital, Chennai","Obstetrics & Gynecology","Dr Senthamil Selvi",https://www.apollohospitals.com/doctors/obstetrician-and-gynecologist/chennai/dr-senthamil-selvi
India,Chennai,"Apollo Women's Hospital, Chennai","Obstetrics & Gynecology","Dr Sumana Manohar",https://www.apollohospitals.com/doctors/obstetrician-and-gynecologist/chennai/dr-sumana-manohar
India,Noida,"Apollo Hospitals Noida","Obstetrics & Gynecology","Dr Monica Malik",https://www.apollohospitals.com/doctors/obstetrician-and-gynecologist/noida/dr-monica-malik
India,Mysore,"Apollo BGS Hospitals, Mysore","Obstetrics & Gynecology","Dr Vanitha L V",https://www.apollohospitals.com/doctors/obstetrician-and-gynecologist/mysore/dr-l-v-vanitha
India,Visakhapatnam,"Apollo Hospitals Health City, Arilova, Vizag","Obstetrics & Gynecology","Dr Sreedevi Matta",https://www.apollohospitals.com/doctors/obstetrician-and-gynecologist/visakhapatnam/dr-sridevi-matta
India,Chennai,"Apollo Women's Hospital, Chennai","Obstetrics & Gynecology","Dr Alpa Khakhar",https://www.apollohospitals.com/doctors/urogynaecologist/chennai/dr-alpa-khakhar
India,Bilaspur,"Apollo Hospitals, Bilaspur","Obstetrics & Gynecology","Dr Rashmi Sharma",https://www.apollohospitals.com/doctors/obstetrician-and-gynecologist/bilaspur/dr-rashmi-sharma
India,Hyderabad,"Apollo Hospitals, Secunderabad, Hyderabad","Obstetrics & Gynecology","Dr Madhumathi S",https://www.apollohospitals.com/doctors/obstetrician-and-gynecologist/hyderabad/dr-madhumathi-s
India,Bhubaneswar,"Apollo Hospitals, Bhubaneswar","Obstetrics & Gynecology","Dr Surya Narayan Mohanty",https://www.apollohospitals.com/doctors/obstetrician-and-gynecologist/bhubaneswar/dr-surya-narayan-mohanty
India,Chennai,"Apollo Speciality Hospitals, OMR, Chennai","Obstetrics & Gynecology","Dr Wahida Suresh",https://www.apollohospitals.com/doctors/obstetrician-and-gynecologist/chennai/dr-wahida-suresh
India,Hyderabad,"Apollo Hospitals, Secunderabad, Hyderabad","Obstetrics & Gynecology","Dr Revathy Ramaswamy",https://www.apollohospitals.com/doctors/obstetrician-and-gynecologist/hyderabad/dr-revathy-ramaswamy
India,Chennai,"Apollo Firstmed Hospital, Chennai","Obstetrics & Gynecology","Dr K Sandhya",https://www.apollohospitals.com/doctors/obstetrician-and-gynecologist/chennai/dr-k-sandhya
India,Indore,"Apollo Hospitals, Indore","Obstetrics & Gynecology","Dr Deepali Mittal",https://www.apollohospitals.com/doctors/obstetrician-and-gynecologist/indore/dr-deepali-mittal
India,Chennai,"Apollo Speciality Hospitals, Vanagaram, Chennai","Obstetrics & Gynecology","Dr Aruna Thalachinthala",https://www.apollohospitals.com/doctors/obstetrician-and-gynecologist/chennai/dr-aruna-thalachinthala
India,Delhi,"Apollo Hospitals, Delhi","Obstetrics & Gynecology","Dr Jaya Kumar Agarwal",https://www.apollohospitals.com/doctors/obstetrician-and-gynecologist/delhi/dr-jaya-kumar-agarwal
India,Kolkata,"Apollo Multispeciality Hospitals, EM Bypass, Kolkata","Obstetrics & Gynecology","Dr M Padmaja Bhattacharya",https://www.apollohospitals.com/doctors/obstetrician-and-gynecologist/kolkata/dr-m-padmaja-bhattacharya
India,Hyderabad,"Apollo Health City, Jubilee Hills, Hyderabad","Obstetrics & Gynecology","Dr Rooma Sinha",https://www.apollohospitals.com/doctors/obstetrician-and-gynecologist/hyderabad/dr-rooma-sinha
India,Chennai,"Apollo Speciality Hospitals, OMR, Chennai","Obstetrics & Gynecology","Dr Parimalam Ramanathan",https://www.apollohospitals.com/doctors/gynecologist/chennai/dr-parimalam-ramanathan
India,Chennai,"Apollo Firstmed Hospital, Chennai","Obstetrics & Gynecology","Dr Mallika Samuel",https://www.apollohospitals.com/doctors/obstetrician-and-gynecologist/chennai/dr-mallika-samuel
India,Hyderabad,"Apollo Health City, Jubilee Hills, Hyderabad","Obstetrics & Gynecology","Dr Anuradha Panda",https://www.apollohospitals.com/doctors/obstetrician-and-gynecologist/hyderabad/dr-anuradha-panda
India,Chennai,"Apollo Women's Hospital, Chennai","Obstetrics & Gynecology","Dr K S Kirthika",https://www.apollohospitals.com/doctors/obstetrician-and-gynecologist/chennai/dr-k-s-kirthika
India,Chennai,"Apollo Speciality Hospitals, Vanagaram, Chennai","Obstetrics & Gynecology","Dr Suvarna P",https://www.apollohospitals.com/doctors/obstetrician-and-gynecologist/chennai/dr-suvarna-p
India,Ahmedabad,"Apollo Hospitals International Ltd, Ahmedabad","Obstetrics & Gynecology","Dr Usha Bohra",https://www.apollohospitals.com/doctors/obstetrician-and-gynecologist/ahmedabad/dr-usha-bohra
India,Ahmedabad,"Apollo Hospitals International Ltd, Ahmedabad","Obstetrics & Gynecology","Dr Kirty Nahar",https://www.apollohospitals.com/doctors/obstetrician-and-gynecologist/ahmedabad/dr-kirty-nahar
India,Kolkata,"Apollo Multispeciality Hospitals, EM Bypass, Kolkata","Obstetrics & Gynecology","Dr Ramna Banerjee",https://www.apollohospitals.com/doctors/obstetrician-and-gynecologist/kolkata/dr-ramna-banerjee
India,Kolkata,"Apollo Multispeciality Hospitals, EM Bypass, Kolkata","Obstetrics & Gynecology","Dr Rupashree Dasgupta",https://www.apollohospitals.com/doctors/obstetrician-and-gynecologist/kolkata/dr-rupashree-dasgupta
India,Kolkata,"Apollo Multispeciality Hospitals, EM Bypass, Kolkata","Obstetrics & Gynecology","Dr Seeta Ramamurthy Pal",https://www.apollohospitals.com/doctors/obstetrician-and-gynecologist/kolkata/dr-seeta-ramamurthy-pal
India,Kolkata,"Apollo Multispeciality Hospitals, EM Bypass, Kolkata","Obstetrics & Gynecology","Dr Bhaskar Pal",https://www.apollohospitals.com/doctors/obstetrician-and-gynecologist/kolkata/dr-bhaskar-pal
India,Visakhapatnam,"Apollo Hospitals Health City, Arilova, Vizag","Obstetrics & Gynecology","Dr Batchu Sowdamini",https://www.apollohospitals.com/doctors/obstetrician-and-gynecologist/visakhapatnam/dr-batchu-sowdamini
India,Chennai,"Apollo Speciality Hospitals, OMR, Chennai","Obstetrics & Gynecology","Dr Sowmya Raghavan",https://www.apollohospitals.com/doctors/obstetrician-and-gynecologist/chennai/dr-sowmya-raghavan
India,Hyderabad,"Apollo Health City, Jubilee Hills, Hyderabad","Obstetrics & Gynecology","Dr Prameela Sekhar",https://www.apollohospitals.com/doctors/obstetrician-and-gynecologist/hyderabad/dr-prameela-sekhar
India,Trichy,"Apollo Speciality Hospitals, Trichy","Obstetrics & Gynecology","Dr Uma Velmurugan",https://www.apollohospitals.com/doctors/obstetrician-and-gynecologist/trichy/dr-uma-velmurugan
India,Bangalore,"Apollo Hospitals, Seshadripuram, Bangalore","Obstetrics & Gynecology","Dr Savitha Shetty",https://www.apollohospitals.com/doctors/obstetrician-and-gynecologist/bangalore/dr-savitha-shetty
India,Delhi,"Apollo Hospitals, Delhi","Obstetrics & Gynecology","Dr Asawari Kesari Kapoor",https://www.apollohospitals.com/doctors/obstetrician-and-gynecologist/delhi/dr-asawari-kesari-kapoor
India,Kolkata,"Apollo Multispeciality Hospitals, EM Bypass, Kolkata","Obstetrics & Gynecology","Dr Chanda Chowdhury",https://www.apollohospitals.com/doctors/gynecologist/kolkata/dr-chanda-chowdhury
India,Chennai,"Apollo Speciality Hospitals, Vanagaram, Chennai","Obstetrics & Gynecology","Dr M Siva Sundari",https://www.apollohospitals.com/doctors/obstetrician-and-gynecologist/chennai/dr-m-siva-sundari
India,Mumbai,"Apollo Hospitals, Mumbai","Obstetrics & Gynecology","Dr Tripti Dubey",https://www.apollohospitals.com/doctors/obstetrician-and-gynecologist/mumbai/dr-tripti-dubey
India,Noida,"Apollo Hospitals Noida","Obstetrics & Gynecology","Dr Mithee Bhanot",https://www.apollohospitals.com/doctors/obstetrician-and-gynecologist/noida/dr-mithee-bhanot
India,Chennai,"Apollo Speciality Hospitals, OMR, Chennai","Obstetrics & Gynecology","Dr Rajsri J Shankar",https://www.apollohospitals.com/doctors/obstetrician-and-gynecologist/chennai/dr-rajsri-j-shankar
India,Hyderabad,"Apollo Health City, Jubilee Hills, Hyderabad","Obstetrics & Gynecology","Dr Sunitha Ilinani",https://www.apollohospitals.com/doctors/ivf-specialist/hyderabad/dr-sunitha-ilinani
India,Kolkata,"Apollo Multispeciality Hospitals, EM Bypass, Kolkata","Obstetrics & Gynecology","Dr Arnab Basak",https://www.apollohospitals.com/doctors/obstetrician-and-gynecologist/kolkata/dr-arnab-basak
India,Bhubaneswar,"Apollo Hospitals, Bhubaneswar","Obstetrics & Gynecology","Dr Shashi Singh",https://www.apollohospitals.com/doctors/obstetrician-and-gynecologist/bhubaneswar/dr-shashi-singh
India,Chennai,"Apollo Firstmed Hospital, Chennai","Obstetrics & Gynecology","Dr Nirmala Jayashankar",https://www.apollohospitals.com/doctors/obstetrician-and-gynecologist/chennai/dr-nirmala-jayashankar
India,Mumbai,"Apollo Hospitals, Mumbai","Obstetrics & Gynecology","Dr Bindhu K S",https://www.apollohospitals.com/doctors/obstetrician-and-gynecologist/mumbai/dr-bindhu-k-s
India,Mysore,"Apollo BGS Hospitals, Mysore","Obstetrics & Gynecology","Dr Rashmi M D",https://www.apollohospitals.com/doctors/obstetrician-and-gynecologist/mysore/dr-rashmi-m-d
India,Noida,"Apollo Hospitals Noida","Obstetrics & Gynecology","Dr Sanchita Dube",https://www.apollohospitals.com/doctors/obstetrician-and-gynecologist/noida/dr-sanchita-dube
India,Pune,"Apollo Hospitals, Pune","Obstetrics & Gynecology","Dr Ruchi Thakur",https://www.apollohospitals.com/doctors/obstetrician-and-gynecologist/pune/dr-ruchi-thakur
India,Kolkata,"Apollo Multispeciality Hospitals, EM Bypass, Kolkata","Obstetrics & Gynecology","Dr Sharmishtha Patra",https://www.apollohospitals.com/doctors/obstetrician-and-gynecologist/kolkata/dr-sharmishtha-patra
India,Chennai,"Apollo Women's Hospital, Chennai","Obstetrics & Gynecology","Dr Sunita Samal",https://www.apollohospitals.com/doctors/obstetrician-and-gynecologist/chennai/dr-sunita-samal
India,Chennai,"Apollo Speciality Hospitals, OMR, Chennai","Obstetrics & Gynecology","Dr Janani Iyer",https://www.apollohospitals.com/doctors/obstetrician-and-gynecologist/chennai/dr-janani-iyer
India,Lucknow,"Apollo Hospitals Lucknow","Obstetrics & Gynecology","Dr Ekta Sharma",https://www.apollohospitals.com/doctors/obstetrician-and-gynecologist/lucknow/dr-ekta-sharma
India,Hyderabad,"Apollo Hospitals, Financial District","Obstetrics & Gynecology","Dr Phani Jyotsna V",https://www.apollohospitals.com/doctors/obstetrician-and-gynecologist/hyderabad/dr-phani-jyotsna-v
India,Delhi,"Apollo Hospitals, Delhi","Obstetrics & Gynecology","Dr Surpreet Kaur Sandhu",https://www.apollohospitals.com/doctors/obstetrician-and-gynecologist/delhi/dr-surpreet-kaur-sandhu
India,Kolkata,"Apollo Multispeciality Hospitals, EM Bypass, Kolkata","Obstetrics & Gynecology","Dr Priyanka Pipara",https://www.apollohospitals.com/doctors/obstetrician-and-gynecologist/kolkata/dr-priyanka-pipara
India,Bangalore,"Apollo Speciality Hospital, Jayanagar, Bangalore","Obstetrics & Gynecology","Dr Reetu G Naresh",https://www.apollohospitals.com/doctors/obstetrician-and-gynecologist/bangalore/dr-reetu-g-naresh
India,Hyderabad,"Apollo Health City, Jubilee Hills, Hyderabad","Obstetrics & Gynecology","Dr Shanti V Reddy",https://www.apollohospitals.com/doctors/obstetrician-and-gynecologist/hyderabad/dr-shanti-v-reddy
India,Chennai,"Apollo Women's Hospital, Chennai","Obstetrics & Gynecology","Dr Sowbarnika Ramamoorthy",https://www.apollohospitals.com/doctors/obstetrician-and-gynecologist/chennai/dr-sowbarnika-ramamoorthy
India,Guwahati,"Apollo Hospitals, Guwahati","Obstetrics & Gynecology","Dr Kamal Kumar Kathar",https://www.apollohospitals.com/doctors/obstetrician-and-gynecologist/guwahati/dr-kamal-kumar-kathar
India,Chennai,"Apollo Clinic Velachery","Obstetrics & Gynecology","Dr Lakshmi Srinivasan",https://www.apollohospitals.com/doctors/gynecologist/chennai/dr-lakshmi-srinivasan
India,Bhubaneswar,"Apollo Hospitals, Bhubaneswar","Obstetrics & Gynecology","Dr Jaya Prakash Pani",https://www.apollohospitals.com/doctors/obstetrician-and-gynecologist/bhubaneswar/dr-jaya-prakash-pani
India,Chennai,"Apollo Women's Hospital, Chennai","Obstetrics & Gynecology","Dr Meenakshi Sundaram",https://www.apollohospitals.com/doctors/obstetrician-and-gynecologist/chennai/dr-meenakshi-sundaram
India,Chennai,"Apollo Women's Hospital, Chennai","Obstetrics & Gynecology","Dr Vishnu Vandana",https://www.apollohospitals.com/doctors/obstetrician-and-gynecologist/chennai/dr-vishnu-vandana
India,Chennai,"Apollo Women's Hospital, Chennai","Obstetrics & Gynecology","Dr Anilasree Atluri",https://www.apollohospitals.com/doctors/obstetrician-and-gynecologist/chennai/dr-anilasree-atluri
India,Hyderabad,"Apollo Health City, Jubilee Hills, Hyderabad","Obstetrics & Gynecology","Dr Nirmala A Papalkar",https://www.apollohospitals.com/doctors/obstetrician-and-gynecologist/hyderabad/dr-nirmala-a-papalkar
India,Chennai,"Apollo Firstmed Hospital, Chennai","Obstetrics & Gynecology","Dr Padmavathi Narahari",https://www.apollohospitals.com/doctors/gynecologist/chennai/dr-padmavathi-narahari
India,Bangalore,"Apollo Hospitals, Seshadripuram, Bangalore","Obstetrics & Gynecology","Dr Sushma K",https://www.apollohospitals.com/doctors/obstetrician-and-gynaecologist/bangalore/dr-sushma-k
India,Hyderabad,"Apollo Hospitals, DRDO, Kanchanbagh, Hyderabad","Obstetrics & Gynecology","Dr Sangita A",https://www.apollohospitals.com/doctors/obstetrician-and-gynecologist/hyderabad/dr-sangita-a
India,Hyderabad,"Apollo Hospitals, Financial District","Obstetrics & Gynecology","Dr. Pujitha Devi Suraneni",https://www.apollohospitals.com/doctors/obstetrician-and-gynecologist/hyderabad/dr-pujitha-devi-suraneni
India,Hyderabad,"Apollo Hospitals, Secunderabad, Hyderabad","Obstetrics & Gynecology","Dr Bandana J",https://www.apollohospitals.com/doctors/obstetrician-and-gynecologist/hyderabad/dr-bandana-j
India,Pune,"Apollo Hospitals, Pune","Obstetrics & Gynecology","Dr Sachin Sangamnerkar",https://www.apollohospitals.com/doctors/obstetrician-and-gynecologist/pune/dr-sachin-sangamnerkar
India,Bangalore,"Apollo Hospitals Sarjapur Road, Bangalore","Obstetrics & Gynecology","Dr Jyoti Kala",https://www.apollohospitals.com/doctors/obstetrician-and-gynecologist/bangalore/dr-jyoti-kala
India,Delhi,"Apollo Hospitals, Delhi","Obstetrics & Gynecology","Dr Bhavna Banga",https://www.apollohospitals.com/doctors/ivf/delhi/dr-bhavna-banga
India,Bangalore,"Apollo Hospitals, Bannerghatta Road, Bangalore","Obstetrics & Gynecology","Dr Preeti Shetty",https://www.apollohospitals.com/doctors/obstetrician-and-gynecologist/bangalore/dr-preeti-shetty
India,Chennai,"Apollo Women's Hospital, Chennai","Obstetrics & Gynecology","Dr Sreepriya Sundaram",https://www.apollohospitals.com/doctors/obstetrician-and-gynecologist/chennai/dr-sreepriya-sundaram
India,Hyderabad,"Apollo Hospitals, DRDO, Kanchanbagh, Hyderabad","Obstetrics & Gynecology","Dr Hemavathi B V",https://www.apollohospitals.com/doctors/obstetrician-and-gynecologist/hyderabad/dr-hemavathi-b-v
India,Mumbai,"Apollo Hospitals, Mumbai","Obstetrics & Gynecology","Dr Himani Sharma",https://www.apollohospitals.com/doctors/obstetrician-and-gynecologist/mumbai/dr-himani-sharma
India,Mumbai,"Apollo Hospitals, Mumbai","Obstetrics & Gynecology","Dr Priya Kumbhare Deshpande",https://www.apollohospitals.com/doctors/obstetrician-and-gynecologist/mumbai/dr-priya-kumbhare-deshpande
India,Chennai,"Apollo Firstmed Hospital, Chennai","Obstetrics & Gynecology","Dr Anshu Bansal",https://www.apollohospitals.com/doctors/obstetrician-and-gynecologist/chennai/dr-anshu-bansal
India,Cochin,"Apollo Adlux Hospital, Cochin","Obstetrics & Gynecology","Dr Elizabeth Jacob",https://www.apollohospitals.com/doctors/obstetrician-and-gynecologist/cochin/dr-elizabeth-jacob
India,Chennai,"Apollo Speciality Hospitals, Vanagaram, Chennai","Obstetrics & Gynecology","Dr Gowri Meena S",https://www.apollohospitals.com/doctors/obstetrician-and-gynecologist/chennai/dr-gowri-meena-s
India,Noida,"Apollo Hospitals Noida","Obstetrics & Gynecology","Dr Vinita Sharma",https://www.apollohospitals.com/doctors/obstetrician-and-gynecologist/noida/dr-vinita-sharma
India,Pune,"Apollo Hospitals, Pune","Obstetrics & Gynecology","Dr Ami Date",https://www.apollohospitals.com/doctors/obstetrics-and-gynecology/pune/dr-ami-date
India,Bhopal,"Apollo Sage Hospitals","Obstetrics & Gynecology","Dr Pallavi Agarwal",https://www.apollohospitals.com/doctors/obstetrician-and-gynecologist/bhopal/dr-pallavi-agarwal
India,Guwahati,"Apollo Excelcare, Guwahati","Obstetrics & Gynecology","Dr Judy Bordoloi",https://www.apollohospitals.com/doctors/obstetrician-and-gynecologist/guwahati/dr-judy-bordoloi
India,Madurai,"Apollo Women & Child Care Hospital, Madurai","Obstetrics & Gynecology","Dr Hemalekha K",https://www.apollohospitals.com/doctors/obstetrician-and-gynecologist/madurai/dr-hemalekha-k
India,Chennai,"Apollo Speciality Hospitals, OMR, Chennai","Obstetrics & Gynecology","Dr Dhwaraga J",https://www.apollohospitals.com/doctors/obstetrician-and-gynecologist/chennai/dr-dhwaraga-j
India,Noida,"Apollo Hospitals Noida","Obstetrics & Gynecology","Dr Sushmita Prakash",https://www.apollohospitals.com/doctors/obstetrician-and-gynecologist/noida/dr-sushmita-prakash
India,Cochin,"Apollo Adlux Hospital, Cochin","Obstetrics & Gynecology","Dr Lekha K L",https://www.apollohospitals.com/doctors/obstetrician-and-gynecologist/cochin/dr-lekha-k-l
India,Kolkata,"Apollo Multispeciality Hospitals, EM Bypass, Kolkata","Obstetrics & Gynecology","Dr Mallinath Mukherjee",https://www.apollohospitals.com/doctors/obstetrician-and-gynecologist/kolkata/dr-mallinath-mukherjee
India,Guwahati,"Apollo Hospitals, Guwahati","Obstetrics & Gynecology","Dr Iheule N Khiangte",https://www.apollohospitals.com/doctors/obstetrician-and-gynecologist/guwahati/dr-iheule-n-khiangte
India,Bangalore,"Apollo Hospitals, Bannerghatta Road, Bangalore","Obstetrics & Gynecology","Dr Sunitha Sreedhar",https://www.apollohospitals.com/doctors/obstetrician-and-gynecologist/bangalore/dr-sunitha-sreedhar
India,Guwahati,"Apollo Hospitals, Guwahati","Obstetrics & Gynecology","Dr Maileng Tham",https://www.apollohospitals.com/doctors/obstetrician-and-gynecologist/guwahati/dr-maileng-tham
India,Hyderabad,"Apollo Health City, Jubilee Hills, Hyderabad","Obstetrics & Gynecology","Dr Vimee Bindra Basu",https://www.apollohospitals.com/doctors/obstetrician-and-gynecologist/hyderabad/dr-vimee-bindra-basu
India,Madurai,"Apollo Women & Child Care Hospital, Madurai","Obstetrics & Gynecology","Dr Shree Devi O V C",https://www.apollohospitals.com/doctors/obstetrician-and-gynecologist/madurai/dr-shree-devi-o-v-c
India,Chennai,"Apollo Women's Hospital, Chennai","Obstetrics & Gynecology","Dr Abdul Basith",https://www.apollohospitals.com/doctors/obstetrician-and-gynecologist/chennai/dr-abdul-basith
India,Chennai,"Apollo Firstmed Hospital, Chennai","Obstetrics & Gynecology","Dr Deepa Thangamani",https://www.apollohospitals.com/doctors/obstetrician-and-gynecologist/chennai/dr-deepa-thangamani
India,Hyderabad,"Apollo Hospitals, Hyderguda, Hyderabad","Obstetrics & Gynecology","Dr Antharvedi Santhi",https://www.apollohospitals.com/doctors/gynecologist/hyderabad/dr-antharvedi-santhi
India,Ahmedabad,"Apollo Hospitals International Ltd, Ahmedabad","Obstetrics & Gynecology","Dr Santwan Mehta",https://www.apollohospitals.com/doctors/obstetrician-and-gynecologist/ahmedabad/dr-santwan-mehta
India,Bangalore,"Apollo Hospitals, Bannerghatta Road, Bangalore","Obstetrics & Gynecology","Dr Rashmi Patil",https://www.apollohospitals.com/doctors/obstetrician-and-gynecologist/bangalore/dr-rashmi-patil
India,Ahmedabad,"Apollo Hospitals International Ltd, Ahmedabad","Obstetrics & Gynecology","Dr Vandana Sinha",https://www.apollohospitals.com/doctors/obstetrician-and-gynecologist/ahmedabad/dr-vandana-sinha
India,Nashik,"Apollo Hospitals, Nashik","Obstetrics & Gynecology","Dr Uma Modgi",https://www.apollohospitals.com/doctors/obstetrician-and-gynecologist/nashik/dr-uma-modgi
India,Kolkata,"Apollo Multispeciality Hospitals, EM Bypass, Kolkata","Obstetrics & Gynecology","Dr Priyanka Sinha",https://www.apollohospitals.com/doctors/obstetrician-and-gynecologist/kolkata/dr-priyanka-sinha
India,Hyderabad,"Apollo Health City, Jubilee Hills, Hyderabad","Obstetrics & Gynecology","Dr Jasmin Rath",https://www.apollohospitals.com/doctors/obstetrician-and-gynecologist/hyderabad/dr-jasmin-rath
India,Nellore,"Apollo Specialty Hospitals, Nellore","Obstetrics & Gynecology","Dr Lavanya S",https://www.apollohospitals.com/doctors/obstetrician-and-gynecologist/nellore/dr-lavanya-s
India,Visakhapatnam,"Apollo Hospitals Health City, Arilova, Vizag","Obstetrics & Gynecology","Dr Vidya Konduri",https://www.apollohospitals.com/doctors/obstetrician-and-gynecologist/visakhapatnam/dr-vidya-konduri
India,Guwahati,"Apollo Hospitals, Guwahati","Obstetrics & Gynecology","Dr Deepa Baruah",https://www.apollohospitals.com/doctors/obstetrician-and-gynecologist/guwahati/dr-deepa-baruah
India,Bangalore,"Apollo Hospitals Sarjapur Road, Bangalore","Obstetrics & Gynecology","Dr Geetha R",https://www.apollohospitals.com/doctors/obstetrician-and-gynecologist/bangalore/dr-geetha-r
India,Madurai,"Apollo Women & Child Care Hospital, Madurai","Obstetrics & Gynecology","Dr Shahida Parveen A",https://www.apollohospitals.com/doctors/obstetrician-and-gynecologist/madurai/dr-shahida-parveen-a
India,Trichy,"Apollo Speciality Hospitals, Trichy","Obstetrics & Gynecology","Dr Thilagavathy Murali S",https://www.apollohospitals.com/doctors/obstetrician-and-gynecologist/trichy/dr-thilagavathy-murali-s
India,Chennai,"Apollo Speciality Hospitals, OMR, Chennai","Obstetrics & Gynecology","Dr Asha Devi S",https://www.apollohospitals.com/doctors/gynecologist/chennai/dr-asha-devi-s
India,Mumbai,"Apollo Hospitals, Mumbai","Obstetrics & Gynecology","Dr Rohini Khera Bhatt",https://www.apollohospitals.com/doctors/obstetrician-and-gynecologist/mumbai/dr-rohini-khera-bhatt
India,Guwahati,"Apollo Personalised Health Check Centre Guwahati","Obstetrics & Gynecology","Dr Nilanjana Das",https://www.apollohospitals.com/doctors/obstetrician-and-gynecologist/guwahati/dr-nilanjana-das
India,Noida,"Apollo Hospitals Noida","Obstetrics & Gynecology","Dr Snigdha Shiv Kumar",https://www.apollohospitals.com/doctors/obstetrician-and-gynecologist/noida/dr-snigdha-shiv-kumar
India,Guwahati,"Apollo Excelcare, Guwahati","Obstetrics & Gynecology","Dr Bhuvaneshwari Deka",https://www.apollohospitals.com/doctors/obstetrician-and-gynecologist/guwahati/dr-bhuvaneshwari-deka
India,Chennai,"Apollo Speciality Hospitals, Vanagaram, Chennai","Obstetrics & Gynecology","Dr Indumathy Thayar",https://www.apollohospitals.com/doctors/obstetrician-and-gynecologist/chennai/dr-indumathy-thayar
India,Lucknow,"Apollo Hospitals Lucknow","Obstetrics & Gynecology","Dr Radhika Bajpai",https://www.apollohospitals.com/doctors/ivf/lucknow/dr-radhika-bajpai-best-ivf-doctor-in-lucknow
India,Chennai,"Apollo Women's Hospital, Chennai","Obstetrics & Gynecology","Dr Nagashree U",https://www.apollohospitals.com/doctors/obstetrician-and-gynecologist/chennai/dr-nagashree-u
India,Bangalore,"Apollo Hospitals, Seshadripuram, Bangalore","Obstetrics & Gynecology","Dr Sahana K P",https://www.apollohospitals.com/doctors/obstetrician-and-gynecologist/bangalore/dr-sahana-k-p
India,Lucknow,"Apollo Hospitals Lucknow","Obstetrics & Gynecology","Dr Neha Negi",https://www.apollohospitals.com/doctors/obstetrician-and-gynecologist/lucknow/dr-neha-negi
India,Mumbai,"Apollo Hospitals, Mumbai","Obstetrics & Gynecology","Dr Neha Bothara",https://www.apollohospitals.com/doctors/obstetrician-and-gynecologist/mumbai/dr-neha-bothara
India,Chennai,"Apollo Speciality Hospitals, Vanagaram, Chennai","Obstetrics & Gynecology","Dr Uma Maheshwari M",https://www.apollohospitals.com/doctors/obstetrician-and-gynecologist/chennai/dr-uma-maheshwari-m
India,Mumbai,"Apollo Hospitals, Mumbai","Obstetrics & Gynecology","Dr Deepa Giri",https://www.apollohospitals.com/doctors/obstetrician-and-gynecologist/mumbai/dr-deepa-giri
India,Pune,"Apollo Hospitals, Pune","Obstetrics & Gynecology","Dr Sneha Trivedi",https://www.apollohospitals.com/doctors/obstetrician-and-gynecologist/pune/dr-sneha-trivedi
India,Warangal,"Apollo Reach N S R Hospital, Warangal, Hyderabad","Obstetrics & Gynecology","Dr Ramya Dasyam",https://www.apollohospitals.com/doctors/obstetrician-and-gynecologist/warangal/dr-ramya-dasyam
India,Mumbai,"Apollo Hospitals, Mumbai","Obstetrics & Gynecology","Dr Bhumika Rai",https://www.apollohospitals.com/doctors/obstetrician-and-gynecologist/mumbai/dr-bhumika-rai
India,Delhi,"Apollo Hospitals, Delhi","Obstetrics & Gynecology","Dr Karuna Ratwani",https://www.apollohospitals.com/doctors/obstetrician-and-gynecologist/delhi/dr-karuna-ratwani
India,Pune,"Apollo Hospitals, Pune","Obstetrics & Gynecology","Dr Rutuja Deshmukh",https://www.apollohospitals.com/doctors/obstetrician-and-gynecologist/pune/dr-rutuja-deshmukh
India,Mumbai,"Apollo Hospitals, Mumbai","Obstetrics & Gynecology","Dr Ruplin Terangpi",https://www.apollohospitals.com/doctors/obstetrician-and-gynecologist/mumbai/dr-ruplin-terangpi
India,Hyderabad,"Apollo Health City, Jubilee Hills, Hyderabad","Obstetrics & Gynecology","Dr Swetha P",https://www.apollohospitals.com/doctors/gynecologist/hyderabad/dr-swetha-p
India,Chennai,"Apollo Women's Hospital, Chennai","Obstetrics & Gynecology","Dr Shiva Singh Shekhawat",https://www.apollohospitals.com/doctors/obstetrician-and-gynecologist/chennai/dr-shiva-singh-shekhawat
India,Bhopal,"Apollo Sage Hospitals","Obstetrics & Gynecology","Dr Parwati Sharma",https://www.apollohospitals.com/doctors/obstetrician-and-gynecologist/bhopal/dr-parwati-sharma
India,Chennai,"Apollo Women's Hospital, Chennai","Obstetrics & Gynecology","Dr Srikala Dodda Reddy",https://www.apollohospitals.com/doctors/obstetrician-and-gynecologist/chennai/dr-srikala-dodda-reddy
India,Bangalore,"Apollo Hospitals, Bannerghatta Road, Bangalore","Obstetrics & Gynecology","Dr Harshita Ramamurthy",https://www.apollohospitals.com/doctors/obstetrician-and-gynecologist/bangalore/dr-harshita-ramamurthy
India,Chennai,"Apollo Medical Centre, Karapakkam, Chennai","Obstetrics & Gynecology","Dr Dhivyambigai G R",https://www.apollohospitals.com/doctors/gynecologist/chennai/dr-dhivyambigai-g-r
India,Trichy,"Apollo Speciality Hospitals, Trichy","Obstetrics & Gynecology","Dr Kavitha M",https://www.apollohospitals.com/doctors/obstetrician-and-gynecologist/trichy/dr-kavitha-m
India,Trichy,"Apollo Speciality Hospitals, Trichy","Obstetrics & Gynecology","Dr Harshini Jayakumar",https://www.apollohospitals.com/doctors/obstetrician-and-gynecologist/trichy/dr-harshini-jayakumar
India,Chennai,"Apollo Women's Hospital, Chennai","Obstetrics & Gynecology","Dr Abirami S",https://www.apollohospitals.com/doctors/gynecologist/chennai/dr-abirami-s
India,Chennai,"Apollo Speciality Hospitals, OMR, Chennai","Obstetrics & Gynecology","Dr Pavithra Ramakrishnan",https://www.apollohospitals.com/doctors/gynecologist/chennai/dr-pavithra-ramakrishnan
India,Lucknow,"Apollo Hospitals Lucknow","Obstetrics & Gynecology","Dr Asna Zehra Naqvi",https://www.apollohospitals.com/doctors/obstetrics-and-gynaecology/lucknow/dr-asna-zehra-naqvi
India,Nellore,"Apollo Specialty Hospitals, Nellore","Obstetrics & Gynecology","Dr Pandala Sravanthi",https://www.apollohospitals.com/doctors/obstetrician-and-gynecologist/nellore/dr-pandala-sravanthi
India,Chennai,"Apollo Speciality Hospitals, OMR, Chennai","Obstetrics & Gynecology","Dr Karthiga Devi",https://www.apollohospitals.com/doctors/obstetrician-and-gynecologist/chennai/dr-karthiga-devi
India,Chennai,"Apollo Children's Hospital, Chennai","Obstetrics & Gynecology","Dr Anjana Annal",https://www.apollohospitals.com/doctors/gynecologist/chennai/dr-anjana-annal
India,Hyderabad,"Apollo Health City, Jubilee Hills, Hyderabad","Obstetrics & Gynecology","Dr Bana Rupa",https://www.apollohospitals.com/doctors/obstetrician-and-gynecologist/hyderabad/dr-bana-rupa
India,Madurai,"Apollo Women & Child Care Hospital, Madurai","Obstetrics & Gynecology","Dr Raghavi Natarajan",https://www.apollohospitals.com/doctors/obstetrician-and-gynecologist/madurai/dr-raghavi-natarajan
India,Hyderabad,"Apollo Hospitals, Financial District","Obstetrics & Gynecology","Dr B Tejaswi Reddy",https://www.apollohospitals.com/doctors/obstetrician-and-gynecologist/hyderabad/dr-b-tejaswi-reddy
India,Kakinada,"Apollo Hospitals, Kakinada","Obstetrics & Gynecology","Dr Sandhya Peethani",https://www.apollohospitals.com/doctors/obstetrician-and-gynecologist/kakinada/dr-sandhya-peethani
India,Kolkata,"Apollo Multispeciality Hospitals, EM Bypass, Kolkata","Obstetrics & Gynecology","Dr Archana Sinha",https://www.apollohospitals.com/doctors/obstetrician-and-gynecologist/kolkata/dr-archana-sinha
India,Karur,"Apollo Hospital, Karur","Obstetrics & Gynecology","Dr Udhayakumari T",https://www.apollohospitals.com/doctors/obstetrician-and-gynecologist/karur/dr-udhayakumari-t
India,Trichy,"Apollo Speciality Hospitals, Trichy","Obstetrics & Gynecology","Dr Farhana J",https://www.apollohospitals.com/doctors/obstetrician-and-gynecologist/trichy/dr-farhana-j
India,Chennai,"Apollo Firstmed Hospital, Chennai","Obstetrics & Gynecology","Dr Ramyasree Reddy",https://www.apollohospitals.com/doctors/ivf-specialist/chennai/dr-ramyasree-reddy
India,Chennai,"Apollo Medical Centre, Karapakkam, Chennai","Obstetrics & Gynecology","Dr KIRITHA RANJANI",https://www.apollohospitals.com/doctors/gynecologist/chennai/dr-kiritha-ranjani
India,Cochin,"Apollo Adlux Hospital, Cochin","Obstetrics & Gynecology","Dr Anjana Venugopalan",https://www.apollohospitals.com/doctors/obstetrician-and-gynecologist/cochin/dr-anjana-venugopalan
India,Bangalore,"Apollo Hospitals, Bannerghatta Road, Bangalore","Obstetrics & Gynecology","Dr Nikitha C P",https://www.apollohospitals.com/doctors/obstetrician-and-gynecologist/bangalore/dr-nikitha-c-p
India,Guwahati,"Apollo Personalised Health Check Centre Guwahati","Obstetrics & Gynecology","Dr Himleena Gautam",https://www.apollohospitals.com/doctors/obstetrician-and-gynecologist/guwahati/dr-himleena-gautam
India,Hyderabad,"Apollo Health City, Jubilee Hills, Hyderabad","Obstetrics & Gynecology","Dr Gurrala Shreeja",https://www.apollohospitals.com/doctors/obstetrician-and-gynecologist/hyderabad/dr-gurrala-shreeja
India,Bilaspur,"Apollo Hospitals, Bilaspur","Obstetrics & Gynecology","Dr Shambhawi Kalyani",https://www.apollohospitals.com/doctors/obstetrician-and-gynecologist/bilaspur/dr-shambhawi-kalyani
India,Hyderabad,"Apollo Hospitals, DRDO, Kanchanbagh, Hyderabad","Obstetrics & Gynecology","Dr Anupama P Nimgade",https://www.apollohospitals.com/doctors/obstetrician-and-gynecologist/hyderabad/dr-anupama-nimgade
India,Delhi,"Apollo Hospitals, Delhi","Obstetrics & Gynecology","Dr Kanchan Bansode",https://www.apollohospitals.com/doctors/obstetrician-and-gynecologist/delhi/dr-kanchan-bansode
India,Delhi,"Apollo Hospitals, Delhi","Obstetrics & Gynecology","Dr Vartika Mohan",https://www.apollohospitals.com/doctors/obstetrician-and-gynecologist/delhi/dr-vartika-mohan
India,Lucknow,"Apollo Hospitals Lucknow","Obstetrics & Gynecology","Dr Ambreen S",https://www.apollohospitals.com/doctors/obstetrician-and-gynecologist/lucknow/dr-ambreen-shaikh
India,Lucknow,"Apollo Hospitals Lucknow","Obstetrics & Gynecology","Dr Noopur Singh",https://www.apollohospitals.com/doctors/obstetrician-and-gynecologist/lucknow/dr-noopur-singh
India,Bangalore,"Apollo Hospitals Sarjapur Road, Bangalore","Obstetrics & Gynecology","Dr Rini Ravindran",https://www.apollohospitals.com/doctors/obstetrician-and-gynecologist/bangalore/dr-rini-ravindran
India,Rourkela,"Apollo Super Speciality Hospital, Rourkela","Obstetrics & Gynecology","Dr Tashi Krishnan",https://www.apollohospitals.com/doctors/obstetrician-and-gynecologist/rourkela/dr-tashi-krishnan
India,Karaikudi,"Apollo Reach Hospital, Karaikudi","Obstetrics & Gynecology","Dr Gayathri N",https://www.apollohospitals.com/doctors/obstetrician-and-gynecologist/karaikudi/dr-gayathri-n
India,Bhopal,"Apollo Sage Hospitals","Obstetrics & Gynecology","Dr Manupriya Madhavan",https://www.apollohospitals.com/doctors/obstetrician-and-gynecologist/bhopal/dr-manupriya-madhavan
India,Mysore,"Apollo BGS Hospitals, Mysore","Obstetrics & Gynecology","Dr Kavitha B",https://www.apollohospitals.com/doctors/obstetrician-and-gynecologist/mysore/dr-kavitha-b
India,Bhopal,"Apollo Sage Hospitals","Obstetrics & Gynecology","Dr Anupa Walia Lokwani",https://www.apollohospitals.com/doctors/obstetrician-and-gynecologist/bhopal/dr-anupa-walia-lokwani
India,Delhi,"Apollo Hospitals, Delhi",ENT,"Dr P L Dhingra",https://www.apollohospitals.com/doctors/ent-specialist/delhi/dr-p-l-dhingra
India,Chennai,"Apollo Hospitals, Greams Road, Chennai",ENT,"Dr P S Reddy",https://www.apollohospitals.com/doctors/ent-specialist/chennai/dr-p-s-reddy
India,Chennai,"Apollo Speciality Hospitals, OMR, Chennai",ENT,"Dr Krishna Kumar",https://www.apollohospitals.com/doctors/ent-specialist/chennai/dr-krishna-kumar
India,Chennai,"Apollo Hospitals, Greams Road, Chennai",ENT,"Dr Ganapathy H",https://www.apollohospitals.com/doctors/ent-specialist/chennai/dr-ganapathy-h
India,Lucknow,"Apollo Hospitals Lucknow",ENT,"Dr Rajiv Khanna",https://www.apollohospitals.com/doctors/ent-specialist/lucknow/dr-rajiv-khanna
India,Bhopal,"Apollo Sage Hospitals",ENT,"Dr Amit Ganguli",https://www.apollohospitals.com/doctors/ent-specialist/bhopal/dr-amit-ganguli
India,Delhi,"Apollo Hospitals, Delhi",ENT,"Dr Sabir Husain Ansari",https://www.apollohospitals.com/doctors/ent-specialist/delhi/dr-sabir-husain-ansari
India,Chennai,"Apollo Hospitals, Greams Road, Chennai",ENT,"Dr Babu Manohar",https://www.apollohospitals.com/doctors/ent-specialist/chennai/dr-babu-manohar
India,Delhi,"Apollo Hospitals, Delhi",ENT,"Dr Chanchal Pal",https://www.apollohospitals.com/doctors/ent-specialist/delhi/dr-chanchal-pal
India,Hyderabad,"Apollo Health City, Jubilee Hills, Hyderabad",ENT,"Dr Koka Ram Babu",https://www.apollohospitals.com/doctors/ent-specialist/hyderabad/dr-koka-ram-babu
India,Madurai,"Apollo Speciality Hospitals Madurai",ENT,"Dr Pragatheswaran A",https://www.apollohospitals.com/doctors/ent-specialist/madurai/dr-pragatheswaran-a
India,Guwahati,"Apollo Personalised Health Check Centre Guwahati",ENT,"Dr Pradip Kumar Deka",https://www.apollohospitals.com/doctors/ent-specialist/guwahati/dr-pradip-kumar-deka
India,Delhi,"Apollo Hospitals, Delhi",ENT,"Dr Sandeep Sindhu",https://www.apollohospitals.com/doctors/ent-specialist/delhi/dr-sandeep-sindhu
India,Hyderabad,"Apollo Hospitals, Hyderguda, Hyderabad",ENT,"Dr G Srinivasa Reddy",https://www.apollohospitals.com/doctors/ent-specialist/hyderabad/dr-g-srinivasa-reddy
India,Delhi,"Apollo Hospitals, Delhi",ENT,"Dr Girish Raheja",https://www.apollohospitals.com/doctors/ent-specialist/delhi/dr-girish-raheja
India,Bilaspur,"Apollo Hospitals, Bilaspur",ENT,"Dr Partha Misra",https://www.apollohospitals.com/doctors/ent-specialist/bilaspur/dr-partha-misra
India,Chennai,"Apollo Firstmed Hospital, Chennai",ENT,"Dr Kirupanandam G",https://www.apollohospitals.com/doctors/ent-specialist/chennai/dr-kirupanandam-g
India,Bangalore,"Apollo Hospitals, Bannerghatta Road, Bangalore",ENT,"Dr Sunil Narayan Dutt",https://www.apollohospitals.com/doctors/ent-specialist/bangalore/dr-sunil-narayan-dutt
India,Mysore,"Apollo BGS Hospitals, Mysore",ENT,"Dr Harindra M N",https://www.apollohospitals.com/doctors/ent-specialist/mysore/dr-harindra-m-n
India,Delhi,"Apollo Hospitals, Delhi",ENT,"Dr Atul Ahuja",https://www.apollohospitals.com/doctors/ent-specialist/delhi/dr-atul-ahuja
India,Hyderabad,"Apollo Hospitals, Secunderabad, Hyderabad",ENT,"Dr Praveen R Sirdesai",https://www.apollohospitals.com/doctors/ent-specialist/hyderabad/dr-praveen-r-sirdesai
India,Bhubaneswar,"Apollo Hospitals, Bhubaneswar",ENT,"Dr Sanjeev Gupta",https://www.apollohospitals.com/doctors/ent-specialist/bhubaneswar/dr-sanjeev-gupta
India,Chennai,"Apollo Speciality Hospitals, Vanagaram, Chennai",ENT,"Dr Col C M Sasikanth",https://www.apollohospitals.com/doctors/ent-specialist/chennai/dr-col-cm-sasikanth
India,Delhi,"Apollo Hospitals, Delhi",ENT,"Dr Kalpana Nagpal",https://www.apollohospitals.com/doctors/ent-specialist/delhi/dr-kalpana-nagpal
India,Ahmedabad,"Apollo Hospitals International Ltd, Ahmedabad",ENT,"Dr Rajesh Vishwarkama",https://www.apollohospitals.com/doctors/ent-specialist/ahmedabad/dr-rajesh-vishwarkama
India,Ahmedabad,"Apollo Hospitals International Ltd, Ahmedabad",ENT,"Dr Vinita Bhagia",https://www.apollohospitals.com/doctors/ent-specialist/ahmedabad/dr-vinita-bhagia
India,Kolkata,"Apollo Multispeciality Hospitals, EM Bypass, Kolkata",ENT,"Dr Archana Ranade",https://www.apollohospitals.com/doctors/ent-specialist/kolkata/dr-archana-ranade
India,Hyderabad,"Apollo Hospitals, Financial District",ENT,"Prof. Dr Sriprakash Vinnakota",https://www.apollohospitals.com/doctors/ent-specialist/hyderabad/dr-sriprakash-vinnakota
India,Delhi,"Apollo Hospitals, Delhi",ENT,"Dr Ameet Kishore",https://www.apollohospitals.com/doctors/ent-specialist/delhi/dr-ameet-kishore
India,Kolkata,"Apollo Multispeciality Hospitals, EM Bypass, Kolkata",ENT,"Dr Ajay Kr Arya",https://www.apollohospitals.com/doctors/ent-specialist/kolkata/dr-ajay-kr-arya
India,Hyderabad,"Apollo Health City, Jubilee Hills, Hyderabad",ENT,"Dr Jaswinder Singh Saluja",https://www.apollohospitals.com/doctors/ent-specialist/hyderabad/dr-jaswinder-singh-saluja
India,Mysore,"Apollo BGS Hospitals, Mysore",ENT,"Dr Girish N Kulkarni",https://www.apollohospitals.com/doctors/ent-specialist/mysore/dr-girish-n-kulkarni
India,Guwahati,"Apollo Excelcare, Guwahati",ENT,"Dr Bubul Chandra Roy",https://www.apollohospitals.com/doctors/ent-specialist/guwahati/dr-bubul-chandra-roy
India,Hyderabad,"Apollo Cradle Jubileehills",ENT,"Dr Chava Anjaneyulu",https://www.apollohospitals.com/doctors/ent-specialist/hyderabad/dr-chava-anjaneyulu
India,Madurai,"Apollo Speciality Hospitals Madurai",ENT,"Dr Meena Priyadarshini P",https://www.apollohospitals.com/doctors/ent-specialist/madurai/dr-meena-priyadarshini-p
India,Chennai,"Apollo Speciality Hospitals, Vanagaram, Chennai",ENT,"Dr Govindaraj S",https://www.apollohospitals.com/doctors/ent-specialist/chennai/dr-govindaraj-s
India,Chennai,"Apollo Firstmed Hospital, Chennai",ENT,"Dr Raj P",https://www.apollohospitals.com/doctors/ent-specialist/chennai/dr-raj-p
India,Visakhapatnam,"Apollo Hospitals Health City, Arilova, Vizag",ENT,"Dr Naveen Kumar Dannana",https://www.apollohospitals.com/doctors/ent-specialist/visakhapatnam/dr-naveen-kumar-d
India,Bangalore,"Apollo Hospitals, Seshadripuram, Bangalore",ENT,"Dr Lakshmi Ananth",https://www.apollohospitals.com/doctors/ent-specialist/bangalore/dr-lakshmi-ananth
India,Guwahati,"Apollo Excelcare, Guwahati",ENT,"Dr Akriba Ahmed",https://www.apollohospitals.com/doctors/ent-specialist/guwahati/dr-akriba-ahmed
India,Hyderabad,"Apollo Hospitals, Hyderguda, Hyderabad",ENT,"Dr NITIN KULKARNI",https://www.apollohospitals.com/doctors/ent-specialist/hyderabad/dr-nitin-kulkarni
India,Guwahati,"Apollo Hospitals, Guwahati",ENT,"Dr Seemanta Kumar Medhi",https://www.apollohospitals.com/doctors/ent-specialist/guwahati/dr-seemanta-kumar-medhi
India,Chennai,"Apollo Hospitals, Greams Road, Chennai",ENT,"Dr Shyam Kumar S",https://www.apollohospitals.com/doctors/ent-specialist/chennai/dr-shyam-kumar-s
India,Chennai,"Apollo Hospitals, Greams Road, Chennai",ENT,"Dr Nithya Narayanan",https://www.apollohospitals.com/doctors/ent-specialist/chennai/dr-nithya-narayanan
India,Visakhapatnam,"Apollo Hospitals Health City, Arilova, Vizag",ENT,"Dr Pradeep Palakonda",https://www.apollohospitals.com/doctors/ent-specialist/visakhapatnam/dr-pradeep-palakonda
India,Bangalore,"Apollo Speciality Hospital, Jayanagar, Bangalore",ENT,"Dr Veena Giriyapur",https://www.apollohospitals.com/doctors/ent-specialist/bangalore/dr-veena-giriyapur
India,Bhubaneswar,"Apollo Hospitals, Bhubaneswar",ENT,"Dr Surya Kanta Pradhan",https://www.apollohospitals.com/doctors/ent-specialist/bhubaneswar/dr-surya-kanta-pradhan
India,Indore,"Apollo Hospitals, Indore",ENT,"Dr Saurabh Pachauri",https://www.apollohospitals.com/doctors/ent-specialist/indore/dr-saurabh-pachauri
India,Chennai,"Apollo Hospitals, Greams Road, Chennai",ENT,"Dr Venkata Karthikeyan C",https://www.apollohospitals.com/doctors/ent-specialist/chennai/dr-venkata-karthikeyan-c
India,Chennai,"Apollo Hospitals, Greams Road, Chennai",ENT,"Dr Balaji R",https://www.apollohospitals.com/doctors/ent-specialist/chennai/dr-balaji-r
India,Karur,"Apollo Hospital, Karur",ENT,"Dr Sridhar K",https://www.apollohospitals.com/doctors/ent-specialist/karur/dr-sridhar-k
India,Chennai,"Apollo Speciality Hospitals, OMR, Chennai",ENT,"Dr Manu Vergis",https://www.apollohospitals.com/doctors/ent-specialist/chennai/dr-manu-vergis
India,Indore,"Apollo Hospitals, Indore",ENT,"Dr Vishal Hansrajani",https://www.apollohospitals.com/doctors/ent-specialist/indore/dr-vishal-hansrajani
India,Kolkata,"Apollo Multispeciality Hospitals, EM Bypass, Kolkata",ENT,"Dr Sukrit Bose",https://www.apollohospitals.com/doctors/ent-specialist/kolkata/dr-sukrit-bose
India,Bangalore,"Apollo Hospitals, Seshadripuram, Bangalore",ENT,"Dr Pradeep Hosamani H",https://www.apollohospitals.com/doctors/ent-specialist/bangalore/dr-pradeep-hosamani
India,Noida,"Apollo Hospitals Noida",ENT,"Dr Virad Kumar",https://www.apollohospitals.com/doctors/ent-specialist/noida/dr-virad-kumar
India,Hyderabad,"Apollo Health City, Jubilee Hills, Hyderabad",ENT,"Dr Y L Ravi Jadhav",https://www.apollohospitals.com/doctors/ent-specialist/hyderabad/dr-y-l-ravi-jadhav
India,Hyderabad,"Apollo Hospitals, Secunderabad, Hyderabad",ENT,"Dr Vidyasagar Dumpala",https://www.apollohospitals.com/doctors/ent-specialist/hyderabad/dr-vidyasagar-dumpala
India,Warangal,"Apollo Reach N S R Hospital, Warangal, Hyderabad",ENT,"Dr VAMSHI KRISHNA MUKIRALA",https://www.apollohospitals.com/doctors/ent-specialist/warangal/dr-vamshi-krishna-mukirala
India,Trichy,"Apollo Speciality Hospitals, Trichy",ENT,"Dr Ajay Manickam",https://www.apollohospitals.com/doctors/ent-specialist/trichy/dr-ajay-manickam
India,Madurai,"Apollo Speciality Hospitals Madurai",ENT,"Dr Arun Prabhu Ganeshan G",https://www.apollohospitals.com/doctors/ent-specialist/madurai/dr-arun-prabhu-ganeshan-g
India,Hyderabad,"Apollo Health City, Jubilee Hills, Hyderabad",ENT,"Dr Manusrut",https://www.apollohospitals.com/doctors/ent-specialist/hyderabad/dr-manusrut
India,Hyderabad,"Apollo Health City, Jubilee Hills, Hyderabad",ENT,"Dr Sandeep Dachuri",https://www.apollohospitals.com/doctors/ent-specialist/hyderabad/dr-sandeep-dachuri
India,Delhi,"Apollo Hospitals, Delhi",ENT,"Dr Noor Ul Din Malik",https://www.apollohospitals.com/doctors/ent-specialist/delhi/dr-noor-ul-din-malik
India,Guwahati,"Apollo Excelcare, Guwahati",ENT,"Dr Kaustabh Kalita",https://www.apollohospitals.com/doctors/ent-specialist/guwahati/dr-kaustabh-kalita
India,Hyderabad,"Apollo Hospitals, DRDO, Kanchanbagh, Hyderabad",ENT,"Dr Prasanna Kumar",https://www.apollohospitals.com/doctors/ent-specialist/hyderabad/dr-prasanna-kumar
India,Hyderabad,"Apollo Hospitals, DRDO, Kanchanbagh, Hyderabad",ENT,"Dr Azmath Shaik",https://www.apollohospitals.com/doctors/ent-specialist/hyderabad/dr-azmath-shaik
India,Delhi,"Apollo Hospitals, Delhi",ENT,"Dr Prof Suresh Singh Naruka",https://www.apollohospitals.com/doctors/ent-specialist/delhi/dr-prof-suresh-singh-naruka
India,Hyderabad,"Apollo Hospitals, Financial District",ENT,"Dr Mohammed Naseeruddin",https://www.apollohospitals.com/doctors/ent-specialist/hyderabad/dr-mohammed-naseeruddin
India,Hyderabad,"Apollo Hospitals, Financial District",ENT,"Dr Shalini Singh Sisodia",https://www.apollohospitals.com/doctors/head-and-neck-oncology/hyderabad/dr-shalini-singh-sisodia
India,Bangalore,"Apollo Hospitals, Bannerghatta Road, Bangalore",ENT,"Dr Nagamani Y S",https://www.apollohospitals.com/doctors/ent-specialist/bangalore/dr-nagamani-y-s
India,Nellore,"Apollo Specialty Hospitals, Nellore",ENT,"Dr Satheesh Kumar Sunku",https://www.apollohospitals.com/doctors/ent-specialist/nellore/dr-satheesh-kumar-sunku
India,Noida,"Apollo Hospitals Noida",ENT,"Dr Shikha Bani",https://www.apollohospitals.com/doctors/ent-specialist/noida/dr-shikha-bani
India,Mysore,"Apollo BGS Hospitals, Mysore",ENT,"Dr Kavitha Prakash Palled",https://www.apollohospitals.com/doctors/ent-specialist/mysore/dr-kavitha-prakash-palled
India,Noida,"Apollo Hospitals Noida",ENT,"Dr Sharad Nair",https://www.apollohospitals.com/doctors/ent-specialist/noida/dr-sharad-nair
India,Cochin,"Apollo Adlux Hospital, Cochin",ENT,"Dr Greeta Miriam Mathai",https://www.apollohospitals.com/doctors/ent-specialist/cochin/dr-greeta-miriam-mathai
India,Pune,"Apollo Hospitals, Pune",ENT,"Dr Sushrut Deshmukh",https://www.apollohospitals.com/doctors/ent-specialist/pune/dr-sushrut-deshmukh
India,Kolkata,"Apollo Multispeciality Hospitals, EM Bypass, Kolkata",ENT,"Dr Biswanath Roy",https://www.apollohospitals.com/doctors/ent-specialist/kolkata/dr-biswanath-roy
India,Kolkata,"Apollo Multispeciality Hospitals, EM Bypass, Kolkata",ENT,"Dr Subhankar Dey",https://www.apollohospitals.com/doctors/ent-specialist/kolkata/dr-subhankar-dey
India,Mumbai,"Apollo Hospitals, Mumbai",ENT,"Dr Harshad Nikte",https://www.apollohospitals.com/doctors/ent-specialist/mumbai/dr-harshad-nikte
India,Delhi,"Apollo Hospitals, Delhi",ENT,"Dr Ashwani Kumar",https://www.apollohospitals.com/doctors/ent-specialist/delhi/dr-ashwani-kumar
India,Noida,"Apollo Hospitals Noida",ENT,"Dr Isha Jain",https://www.apollohospitals.com/doctors/ent-specialist/noida/dr-isha-jain
India,Cochin,"Apollo Adlux Hospital, Cochin",ENT,"Dr Jai Richo Johnson",https://www.apollohospitals.com/doctors/ent-specialist/cochin/dr-jai-richo-johnson
India,Nashik,"Apollo Hospitals, Nashik",ENT,"Dr Niraj Patil",https://www.apollohospitals.com/doctors/ent-specialist/nashik/dr-niraj-patil
India,Kolkata,"Apollo Multispeciality Hospitals, EM Bypass, Kolkata",ENT,"Dr Shantanu Panja",https://www.apollohospitals.com/doctors/ent-specialist/kolkata/dr-shantanu-panja
India,Chennai,"Apollo Hospitals, Greams Road, Chennai",ENT,"Dr Kiruba Shankar Manoharan",https://www.apollohospitals.com/doctors/ent-specialist/chennai/dr-kiruba-shankar-manoharan
India,Bangalore,"Apollo Speciality Hospital, Jayanagar, Bangalore",ENT,"Dr KRISHNA RAMANATHAN",https://www.apollohospitals.com/doctors/ent-specialist/bangalore/dr-krishna-ramanathan
India,Bangalore,"Apollo Hospitals, Bannerghatta Road, Bangalore",ENT,"Dr Sumit Kumar Gaur",https://www.apollohospitals.com/doctors/ent-specialist/bangalore/dr-sumit-kumar-gaur
India,Chennai,"Apollo Children's Hospital, Chennai",ENT,"Dr Jeenat Malawat",https://www.apollohospitals.com/doctors/ent-specialist/chennai/dr-jeenat-malawat
India,Hyderabad,"Apollo Hospitals, Secunderabad, Hyderabad",ENT,"Dr Vyshnavi Bommakanti",https://www.apollohospitals.com/doctors/ent-specialist/hyderabad/dr-vyshnavi-bommakanti
India,Guwahati,"Apollo Hospitals, Guwahati",ENT,"Dr Amit Kumar Agarwal",https://www.apollohospitals.com/doctors/ent-specialist/guwahati/dr-amit-kumar-agarwal
India,Hyderabad,"Apollo Health City, Jubilee Hills, Hyderabad",ENT,"Dr Vemuru Tejasvi",https://www.apollohospitals.com/doctors/ent-specialist/hyderabad/dr-vemuru-tejasvi
India,Hyderabad,"Apollo Health City, Jubilee Hills, Hyderabad",ENT,"Dr Amrutha G",https://www.apollohospitals.com/doctors/ent-specialist/hyderabad/dr-amrutha-g
India,Chennai,"Apollo Hospitals, Greams Road, Chennai",ENT,"Dr Urvashi Singh",https://www.apollohospitals.com/doctors/ent-specialist/chennai/dr-urvashi-singh
India,Chennai,"Apollo Speciality Hospitals, Teynampet, Chennai",ENT,"Dr Shruti Venkitachalam",https://www.apollohospitals.com/doctors/ent-specialist/chennai/dr-shruti-venkitachalam
India,Kolkata,"Apollo Multispeciality Hospitals, EM Bypass, Kolkata",ENT,"Dr Abhik Ghosh",https://www.apollohospitals.com/doctors/ent-specialist/kolkata/dr-abhik-ghosh
India,Chennai,"Apollo Firstmed Hospital, Chennai",ENT,"Dr Sunny K Mehra",https://www.apollohospitals.com/doctors/ent-specialist/chennai/dr-sunnyk-mehra
India,Chennai,"Apollo Hospitals, Greams Road, Chennai",ENT,"Dr Agalya Pauline Vasanthi L",https://www.apollohospitals.com/doctors/ent-specialist/chennai/dr-agalya-pauline-vasanthi-l
India,Delhi,"Apollo Hospitals, Delhi",ENT,"Dr Nishant Rana",https://www.apollohospitals.com/doctors/ent-specialist/delhi/dr-nishant-rana
India,Bangalore,"Apollo Hospitals, Bannerghatta Road, Bangalore",ENT,"Dr Aanchal Mittal",https://www.apollohospitals.com/doctors/ent-specialist/bangalore/dr-aanchal-mittal
India,Mysore,"Apollo BGS Hospitals, Mysore",ENT,"Dr Harshitha N",https://www.apollohospitals.com/doctors/ent/mysore/dr-harshitha-n
India,Rourkela,"Apollo Super Speciality Hospital, Rourkela",ENT,"Dr Tanvi Choubey",https://www.apollohospitals.com/doctors/ent-specialist/rourkela/dr-tanvi-choubey
India,Chennai,"Apollo Hospitals, Greams Road, Chennai",ENT,"Dr Vidya V",https://www.apollohospitals.com/doctors/ent-specialist/chennai/dr-vidya-v
India,Lucknow,"Apollo Hospitals Lucknow",ENT,"Dr Chirayata Basu",https://www.apollohospitals.com/doctors/ent-specialist/lucknow/dr-chirayata-basu
India,Bangalore,"Apollo Hospitals Sarjapur Road, Bangalore",ENT,"Dr Prerit Rao",https://www.apollohospitals.com/doctors/ent-specialist/bangalore/dr-prerit-rao
India,Lucknow,"Apollo Hospitals Lucknow",ENT,"Dr Vasudha Singh",https://www.apollohospitals.com/doctors/ent-specialist/lucknow/dr-vasudha-singh
India,Bangalore,"Apollo Hospitals, Bannerghatta Road, Bangalore",ENT,"Dr Swathi Vadlamani",https://www.apollohospitals.com/doctors/ent-specialist/bangalore/dr-swathi-vadlamani
India,Bhopal,"Apollo Sage Hospitals",ENT,"Dr Ankit Mishra",https://www.apollohospitals.com/doctors/ent-specialist/bhopal/dr-ankit-mishra
India,Chennai,"Apollo Firstmed Hospital, Chennai",ENT,"Dr Varunkumar J",https://www.apollohospitals.com/doctors/ent-specialist/chennai/dr-varunkumar-j
India,Hyderabad,"Apollo Health City, Jubilee Hills, Hyderabad",ENT,"Dr Madhav Koka",https://www.apollohospitals.com/doctors/ent-specialist/hyderabad/dr-madhav-koka
India,Kakinada,"Apollo Hospitals, Kakinada",ENT,"Dr Naina Narasimhadevara",https://www.apollohospitals.com/doctors/ent-specialist/kakinada/dr-naina-narasimhadevara
India,Guwahati,"Apollo Excelcare, Guwahati",ENT,"Dr Arnab Kalita",https://www.apollohospitals.com/doctors/ent-specialist/guwahati/dr-arnab-kalita
India,Trichy,"Apollo Speciality Hospitals, Trichy",ENT,"Dr Aamina Nahid",https://www.apollohospitals.com/doctors/ent-specialist/trichy/dr-aamina-nahid
India,Bangalore,"Apollo Hospitals Sarjapur Road, Bangalore",ENT,"Dr Shriya Keshav",https://www.apollohospitals.com/doctors/ent-specialist/bangalore/dr-shriya-keshav
India,Karaikudi,"Apollo Reach Hospital, Karaikudi",ENT,"Dr Sameera Buruhanudeen",https://www.apollohospitals.com/doctors/ent-specialist/karaikudi/dr-sameera-buruhanudeen
